id,league_slug,match_date,home_team,away_team,bet_outcome,stake,profit,model_prob,market_odds
1,ita.1,2026-05-24,Torino,Juventus,H,0.03590297078436362,-0.03590297078436362,0.0,0.0
2,ita.1,2026-05-24,Lecce,Genoa,H,0.003815256688489261,0.002861442516366946,0.0,0.0
3,ita.1,2026-05-24,Hellas Ver,AS Roma,0,0.0,0.0,0.0,0.0
4,ita.1,2026-05-24,AC Milan,Cagliari,A,0.059383713243991984,0.5938371324399199,0.0,0.0
5,ita.1,2026-05-24,Napoli,Udinese,A,0.004761612099352339,-0.004761612099352339,0.0,0.0
6,eng.1,2026-05-24,West Ham U,Leeds Unit,H,0.19197857985018585,0.163181792872658,0.0,0.0
7,eng.1,2026-05-24,Tottenham ,Everton,H,0.06511685763797757,0.05925634045055958,0.0,0.0
8,eng.1,2026-05-24,Sunderland,Chelsea,H,0.10393476072141093,0.2702303778756684,0.0,0.0
9,eng.1,2026-05-24,Manchester,Aston Vill,A,0.1523809278362543,1.2190474226900343,0.0,0.0
10,eng.1,2026-05-24,Liverpool,Brentford,H,0.03971828575458549,-0.03971828575458549,0.0,0.0
11,eng.1,2026-05-24,Fulham,Newcastle ,H,0.5176917856871917,0.9732605570919202,0.0,0.0
12,eng.1,2026-05-24,Crystal Pa,Arsenal,A,0.29291539104572856,0.21968654328429643,0.0,0.0
13,eng.1,2026-05-24,Burnley,Wolverhamp,H,0.45638855491544017,-0.45638855491544017,0.0,0.0
14,eng.1,2026-05-24,Brighton &,Manchester,A,0.2847229908292426,0.7402797761560307,0.0,0.0
15,ita.1,2026-05-24,Parma,Sassuolo,H,0.04109100514945052,0.0698547087540659,0.0,0.0
16,esp.1,2026-05-23,Valencia,Barcelona,A,0.19004718583856753,-0.19004718583856753,0.0,0.0
17,esp.1,2026-05-23,Real Madri,Athletic C,H,0.893201938425089,0.44660096921254444,0.0,0.0
18,esp.1,2026-05-23,Real Betis,Levante,H,0.6448286234645855,0.8060357793307318,0.0,0.0
19,esp.1,2026-05-23,Girona,Elche,H,0.1683006244180385,-0.1683006244180385,0.0,0.0
20,esp.1,2026-05-23,Getafe,Osasuna,H,0.07895412873423757,0.1144834866646445,0.0,0.0
21,esp.1,2026-05-23,Espanyol,Real Socie,H,0.8499541147275255,-0.8499541147275255,0.0,0.0
22,ita.1,2026-05-23,Lazio,Pisa,H,0.5178763893932163,0.284832014166269,0.0,0.0
23,ita.1,2026-05-22,Fiorentina,Atalanta,A,0.08255360798270747,-0.08255360798270747,0.0,0.0
24,eng.1,2026-05-19,Chelsea,Tottenham ,H,0.7185684434757201,0.6538972835629052,0.0,0.0
25,eng.1,2026-05-19,AFC Bourne,Manchester,D,0.04143580669377262,0.13798123629026285,0.0,0.0
26,eng.1,2026-05-18,Arsenal,Burnley,0,0.0,0.0,0.0,0.0
27,esp.1,2026-05-17,Barcelona,Real Betis,H,0.49716284022503654,0.16406373727426204,0.0,0.0
28,fra.1,2026-05-17,Paris FC,Paris Sain,D,0.09086978133181367,-0.09086978133181367,0.0,0.0
29,fra.1,2026-05-17,Nice,Metz,A,0.2280861893117155,-0.2280861893117155,0.0,0.0
30,fra.1,2026-05-17,Nantes,Toulouse,A,0.08578543817608078,-0.08578543817608078,0.0,0.0
31,fra.1,2026-05-17,Brest,Angers,0,0.0,0.0,0.0,0.0
32,ita.1,2026-05-17,Udinese,Cremonese,H,0.10281568852543921,-0.10281568852543921,0.0,0.0
33,ita.1,2026-05-17,Sassuolo,Lecce,H,0.4217899628495492,-0.4217899628495492,0.0,0.0
34,ita.1,2026-05-17,Cagliari,Torino,0,0.0,0.0,0.0,0.0
35,esp.1,2026-05-17,Sevilla,Real Madri,A,0.14324380836012932,0.1647303796141487,0.0,0.0
36,esp.1,2026-05-17,Real Socie,Valencia,H,0.3529247178460839,-0.3529247178460839,0.0,0.0
37,esp.1,2026-05-17,Rayo Valle,Villarreal,H,0.8307823850621439,1.1215562198338942,0.0,0.0
38,esp.1,2026-05-17,Osasuna,Espanyol,H,0.6485009670898702,-0.6485009670898702,0.0,0.0
39,esp.1,2026-05-17,Levante,Mallorca,A,0.05075436348131197,-0.05075436348131197,0.0,0.0
40,esp.1,2026-05-17,Elche,Getafe,0,0.0,0.0,0.0,0.0
41,eng.1,2026-05-17,Newcastle ,West Ham U,H,0.6864230600276161,0.7550653660303778,0.0,0.0
42,ita.1,2026-05-17,Atalanta,Bologna,A,0.274624802754807,1.0298430103305263,0.0,0.0
43,eng.1,2026-05-17,Wolverhamp,Fulham,A,0.041428930170481375,-0.041428930170481375,0.0,0.0
44,eng.1,2026-05-17,Leeds Unit,Brighton &,H,0.41011971158727195,0.9022633654919985,0.0,0.0
45,eng.1,2026-05-17,Everton,Sunderland,0,0.0,0.0,0.0,0.0
46,eng.1,2026-05-17,Brentford,Crystal Pa,A,0.3763814311335464,-0.3763814311335464,0.0,0.0
47,ita.1,2026-05-17,Pisa,Napoli,0,0.0,0.0,0.0,0.0
48,ita.1,2026-05-17,Juventus,Fiorentina,D,0.07040993896205804,-0.07040993896205804,0.0,0.0
49,ita.1,2026-05-17,Genoa,AC Milan,A,0.18253955006631528,0.12777768504642067,0.0,0.0
50,ita.1,2026-05-17,AS Roma,Lazio,H,0.14360529559947605,0.0761108066677223,0.0,0.0
51,ger.1,2026-05-16,Werder Bre,Borussia D,A,0.9585072480066017,0.9105818856062715,0.0,0.0
52,eng.1,2026-05-15,Aston Vill,Liverpool,H,1.2203292851899255,2.1355762490823693,0.0,0.0
53,esp.1,2026-05-14,Girona,Real Socie,H,0.8405445633891089,-0.8405445633891089,0.0,0.0
54,esp.1,2026-05-14,Valencia,Rayo Valle,H,0.3366223660315903,-0.3366223660315903,0.0,0.0
55,esp.1,2026-05-13,Getafe,Mallorca,H,0.521788836592215,0.626146603910658,0.0,0.0
56,fra.1,2026-05-13,Lens,Paris Sain,H,0.4964036439419522,-0.4964036439419522,0.0,0.0
57,eng.1,2026-05-13,Manchester,Crystal Pa,D,0.2900270469936336,-0.2900270469936336,0.0,0.0
58,fra.1,2026-05-13,Brest,Strasbourg,A,0.2041617254775422,0.3062425882163132,0.0,0.0
59,esp.1,2026-05-13,Villarreal,Sevilla,H,0.5424416984071139,-0.5424416984071139,0.0,0.0
60,esp.1,2026-05-13,Espanyol,Athletic C,H,1.3661372825561928,2.226803770566594,0.0,0.0
61,esp.1,2026-05-12,Real Betis,Elche,H,0.34629214786262824,0.19738652428169817,0.0,0.0
62,esp.1,2026-05-11,Rayo Valle,Girona,H,1.4193800116444506,-1.4193800116444506,0.0,0.0
63,eng.1,2026-05-11,Tottenham ,Leeds Unit,H,0.43784012036135467,-0.43784012036135467,0.0,0.0
64,ita.1,2026-05-11,Napoli,Bologna,A,0.34532267631986946,1.7266133815993476,0.0,0.0
65,fra.1,2026-05-10,Stade Renn,Paris FC,H,1.0024323658739176,0.5012161829369588,0.0,0.0
66,fra.1,2026-05-10,Paris Sain,Brest,D,0.19818264166639446,-0.19818264166639446,0.0,0.0
67,fra.1,2026-05-10,Metz,Lorient,A,0.9500558435391366,1.092564220070007,0.0,0.0
68,fra.1,2026-05-10,Angers,Strasbourg,A,0.6452868666023082,-0.6452868666023082,0.0,0.0
69,esp.1,2026-05-10,Barcelona,Real Madri,H,0.8068253643746939,0.5002317259123104,0.0,0.0
70,ita.1,2026-05-10,AC Milan,Atalanta,H,0.1606458727865917,-0.1606458727865917,0.0,0.0
71,ita.1,2026-05-10,Parma,AS Roma,0,0.0,0.0,0.0,0.0
72,eng.1,2026-05-10,West Ham U,Arsenal,D,0.168393213192258,-0.168393213192258,0.0,0.0
73,esp.1,2026-05-10,Athletic C,Valencia,0,0.0,0.0,0.0,0.0
74,ita.1,2026-05-10,Fiorentina,Genoa,A,0.0947329351226788,-0.0947329351226788,0.0,0.0
75,ita.1,2026-05-10,Cremonese,Pisa,H,0.33239942870478084,0.2326796000933466,0.0,0.0
76,eng.1,2026-05-10,Crystal Pa,Everton,H,0.8757213536649573,-0.8757213536649573,0.0,0.0
77,eng.1,2026-05-10,Burnley,Aston Vill,0,0.0,0.0,0.0,0.0
78,esp.1,2026-05-10,Mallorca,Villarreal,H,0.0681784499378559,-0.0681784499378559,0.0,0.0
79,esp.1,2026-05-09,Real Socie,Real Betis,H,0.7968876652835201,-0.7968876652835201,0.0,0.0
80,ita.1,2026-05-09,Lecce,Juventus,H,0.033213491145873936,-0.033213491145873936,0.0,0.0
81,eng.1,2026-05-09,Manchester,Brentford,D,0.15823451622050702,-0.15823451622050702,0.0,0.0
82,esp.1,2026-05-09,Sevilla,Espanyol,H,1.040057523578448,1.0920603997573701,0.0,0.0
83,eng.1,2026-05-09,Sunderland,Manchester,H,0.7109411351007152,-0.7109411351007152,0.0,0.0
84,eng.1,2026-05-09,Fulham,AFC Bourne,A,0.1265425915951834,0.1771596282332568,0.0,0.0
85,eng.1,2026-05-09,Brighton &,Wolverhamp,D,0.09618879169964042,-0.09618879169964042,0.0,0.0
86,ita.1,2026-05-09,Cagliari,Udinese,A,0.2865613456167961,0.5444665566719125,0.0,0.0
87,eng.1,2026-05-09,Liverpool,Chelsea,D,0.10371480097517775,0.31114440292553325,0.0,0.0
88,esp.1,2026-05-08,Levante,Osasuna,D,0.1403648784892243,-0.1403648784892243,0.0,0.0
89,ita.1,2026-05-08,Torino,Sassuolo,A,0.357278793722034,-0.357278793722034,0.0,0.0
90,fra.1,2026-05-08,Lens,Nantes,H,0.5185431194303024,0.23334440374363608,0.0,0.0
91,esp.1,2026-05-04,Sevilla,Real Socie,H,2.0386354996834872,2.8133169895632117,0.0,0.0
92,eng.1,2026-05-04,Everton,Manchester,H,1.1223006751323148,-1.1223006751323148,0.0,0.0
93,ita.1,2026-05-04,AS Roma,Fiorentina,H,1.4403956231706256,0.8930452863657881,0.0,0.0
94,ita.1,2026-05-04,Cremonese,Lazio,H,0.1680019775978132,-0.1680019775978132,0.0,0.0
95,esp.1,2026-05-03,Espanyol,Real Madri,H,0.2207991224758818,-0.2207991224758818,0.0,0.0
96,eng.1,2026-05-03,Aston Vill,Tottenham ,H,2.1726920385724418,-2.1726920385724418,0.0,0.0
97,ita.1,2026-05-03,Juventus,Hellas Ver,D,0.22051236419146386,1.212818003053051,0.0,0.0
98,ger.1,2026-05-03,Borussia M,Borussia D,D,0.04213540863524003,-0.04213540863524003,0.0,0.0
99,fra.1,2026-05-03,Strasbourg,Toulouse,H,0.17030857679626074,-0.17030857679626074,0.0,0.0
100,fra.1,2026-05-03,Paris FC,Brest,H,0.32689626835308466,0.32689626835308466,0.0,0.0
101,eng.1,2026-05-03,Manchester,Liverpool,D,0.11091660829454501,-0.11091660829454501,0.0,0.0
102,esp.1,2026-05-03,Getafe,Rayo Valle,A,0.15617307367977884,0.4997538357752923,0.0,0.0
103,ita.1,2026-05-03,Sassuolo,AC Milan,H,0.797615240971068,2.7916533433987376,0.0,0.0
104,eng.1,2026-05-03,AFC Bourne,Crystal Pa,A,0.5804468991906735,-0.5804468991906735,0.0,0.0
105,ita.1,2026-05-03,Bologna,Cagliari,H,0.7159238040762518,-0.7159238040762518,0.0,0.0
106,fra.1,2026-05-02,Nice,Lens,A,0.43435885361507814,-0.43435885361507814,0.0,0.0
107,esp.1,2026-05-02,Osasuna,Barcelona,A,0.6170946885788224,0.43196628200517573,0.0,0.0
108,ita.1,2026-05-02,Atalanta,Genoa,H,0.7090431102412087,-0.7090431102412087,0.0,0.0
109,ger.1,2026-05-02,Bayer Leve,RB Leipzig,D,0.165280241765059,-0.165280241765059,0.0,0.0
110,eng.1,2026-05-02,Arsenal,Fulham,H,2.296672488692826,1.010535895024843,0.0,0.0
111,fra.1,2026-05-02,Paris Sain,Lorient,D,0.11673551708048593,0.5544937061323082,0.0,0.0
112,eng.1,2026-05-02,Wolverhamp,Sunderland,0,0.0,0.0,0.0,0.0
113,eng.1,2026-05-02,Newcastle ,Brighton &,H,3.076673430681088,4.615010146021632,0.0,0.0
114,eng.1,2026-05-02,Brentford,West Ham U,H,3.740349710702724,3.4037182367394787,0.0,0.0
115,ita.1,2026-05-02,Udinese,Torino,H,1.934142395595686,2.514385114274391,0.0,0.0
116,esp.1,2026-05-02,Villarreal,Levante,H,2.3500926747537574,1.6450648723276302,0.0,0.0
117,esp.1,2026-05-01,Girona,Mallorca,A,1.735174139239591,4.771728882908875,0.0,0.0
118,eng.1,2026-05-01,Leeds Unit,Burnley,H,0.6300154916912308,0.20790511225810626,0.0,0.0
119,ita.1,2026-05-01,Pisa,Lecce,H,0.37947804180587147,-0.37947804180587147,0.0,0.0
120,esp.1,2026-04-27,Espanyol,Levante,H,3.3653335519945884,-3.3653335519945884,0.0,0.0
121,eng.1,2026-04-27,Manchester,Brentford,H,0.2187152526217064,0.18590796472845048,0.0,0.0
122,ita.1,2026-04-27,Lazio,Udinese,A,0.8028418123240056,-0.8028418123240056,0.0,0.0
123,ita.1,2026-04-27,Cagliari,Atalanta,H,0.24187181572450137,0.8465513550357547,0.0,0.0
124,ita.1,2026-04-26,AC Milan,Juventus,H,0.1786231350409832,-0.1786231350409832,0.0,0.0
125,esp.1,2026-04-26,Osasuna,Sevilla,H,1.443747963025789,1.5159353611770783,0.0,0.0
126,fra.1,2026-04-26,Stade Renn,Nantes,H,2.005307722169952,0.8422292433113796,0.0,0.0
127,fra.1,2026-04-26,Paris FC,Lille,A,0.603876999686192,0.5495280697144348,0.0,0.0
128,fra.1,2026-04-26,Lorient,Strasbourg,A,1.8406415337832722,4.049411374323199,0.0,0.0
129,esp.1,2026-04-26,Rayo Valle,Real Socie,H,5.605370091924897,-5.605370091924897,0.0,0.0
130,ita.1,2026-04-26,Fiorentina,Sassuolo,0,0.0,0.0,0.0,0.0
131,ita.1,2026-04-25,Hellas Ver,Lecce,A,0.9167322525139521,-0.9167322525139521,0.0,0.0
132,fra.1,2026-04-25,Angers,Paris Sain,A,1.1633045124194061,0.31409221835323975,0.0,0.0
133,esp.1,2026-04-25,Valencia,Girona,H,1.0249787943480901,1.1274766737828992,0.0,0.0
134,eng.1,2026-04-25,Arsenal,Newcastle ,H,4.684725299067823,2.10812638458052,0.0,0.0
135,ita.1,2026-04-25,Bologna,AS Roma,A,0.16154343869213503,0.226160814168989,0.0,0.0
136,esp.1,2026-04-25,Getafe,Barcelona,A,2.762890569158469,1.851136681336174,0.0,0.0
137,eng.1,2026-04-25,Wolverhamp,Tottenham ,H,1.8116468429596604,-1.8116468429596604,0.0,0.0
138,eng.1,2026-04-25,West Ham U,Everton,H,2.3123363443132745,3.2372708820385845,0.0,0.0
139,eng.1,2026-04-25,Liverpool,Crystal Pa,A,0.9475761948132281,-0.9475761948132281,0.0,0.0
140,ger.1,2026-04-25,Mainz,Bayern Mun,A,1.3633457710633656,0.913441666612455,0.0,0.0
141,ita.1,2026-04-25,Parma,Pisa,H,1.9974240050461896,2.197166405550808,0.0,0.0
142,eng.1,2026-04-25,Fulham,Aston Vill,H,1.2457621172302118,2.1800837051528705,0.0,0.0
143,esp.1,2026-04-24,Real Betis,Real Madri,A,2.388210153951928,-2.388210153951928,0.0,0.0
144,ita.1,2026-04-24,Napoli,Cremonese,H,0.3164982591371149,0.10444442551524791,0.0,0.0
145,fra.1,2026-04-24,Brest,Lens,H,0.1897706404677555,-0.1897706404677555,0.0,0.0
146,esp.1,2026-04-23,Rayo Valle,Espanyol,H,5.3305615927056635,5.86361775197623,0.0,0.0
147,esp.1,2026-04-23,Levante,Sevilla,H,2.5518150935268933,3.5725411309376502,0.0,0.0
148,eng.1,2026-04-22,Burnley,Manchester,D,0.5970115047956932,-0.5970115047956932,0.0,0.0
149,eng.1,2026-04-22,AFC Bourne,Leeds Unit,H,5.178735147953228,-5.178735147953228,0.0,0.0
150,esp.1,2026-04-22,Real Socie,Getafe,H,4.1037396818937,-4.1037396818937,0.0,0.0
151,fra.1,2026-04-22,Paris Sain,Nantes,H,1.1336030398872161,0.2040485471796989,0.0,0.0
152,esp.1,2026-04-21,Girona,Real Betis,A,3.3276672466409085,6.655334493281817,0.0,0.0
153,eng.1,2026-04-21,Brighton &,Chelsea,H,4.029203051726603,6.043804577589905,0.0,0.0
154,esp.1,2026-04-21,Mallorca,Valencia,H,2.258748413544118,-2.258748413544118,0.0,0.0
155,esp.1,2026-04-21,Athletic C,Osasuna,H,3.000846111367723,2.4006768890941785,0.0,0.0
156,eng.1,2026-04-20,Crystal Pa,West Ham U,H,7.771233581405952,-7.771233581405952,0.0,0.0
157,ita.1,2026-04-20,Lecce,Fiorentina,H,0.15969777092708418,-0.15969777092708418,0.0,0.0
158,ita.1,2026-04-19,Juventus,Bologna,D,0.5943611105333452,-0.5943611105333452,0.0,0.0
159,ger.1,2026-04-19,Borussia M,Mainz,A,1.031013769191159,-1.031013769191159,0.0,0.0
160,ita.1,2026-04-19,Pisa,Genoa,A,0.4818994888370796,0.6505643099300575,0.0,0.0
161,eng.1,2026-04-19,Manchester,Arsenal,A,3.027513277004719,-3.027513277004719,0.0,0.0
162,fra.1,2026-04-19,Strasbourg,Stade Renn,H,4.2698510725312175,-4.2698510725312175,0.0,0.0
163,fra.1,2026-04-19,Nantes,Brest,A,1.1825225308011724,-1.1825225308011724,0.0,0.0
164,fra.1,2026-04-19,Metz,Paris FC,0,0.0,0.0,0.0,0.0
165,ita.1,2026-04-19,Hellas Ver,AC Milan,A,0.4954948796091402,0.28243208137721,0.0,0.0
166,eng.1,2026-04-19,Everton,Liverpool,A,1.0538055230991203,1.3699471800288563,0.0,0.0
167,eng.1,2026-04-19,Aston Vill,Sunderland,H,1.8616531706417967,1.2473076243300039,0.0,0.0
168,ita.1,2026-04-19,Cremonese,Torino,H,0.8579930858246153,-0.8579930858246153,0.0,0.0
169,fra.1,2026-04-18,Lille,Nice,0,0.0,0.0,0.0,0.0
170,eng.1,2026-04-18,Chelsea,Manchester,D,0.1052407946486408,-0.1052407946486408,0.0,0.0
171,ita.1,2026-04-18,AS Roma,Atalanta,H,4.3269101765346205,-4.3269101765346205,0.0,0.0
172,eng.1,2026-04-18,Tottenham ,Brighton &,H,4.952544580722766,-4.952544580722766,0.0,0.0
173,ita.1,2026-04-18,Napoli,Lazio,A,2.224957189250569,13.349743135503413,0.0,0.0
174,eng.1,2026-04-18,Newcastle ,AFC Bourne,H,5.202333397647968,-5.202333397647968,0.0,0.0
175,eng.1,2026-04-18,Leeds Unit,Wolverhamp,H,5.467553499929682,3.389883169956404,0.0,0.0
176,ita.1,2026-04-18,Udinese,Parma,H,0.32826878778836366,-0.32826878778836366,0.0,0.0
177,eng.1,2026-04-18,Brentford,Fulham,H,0.4468437977149084,-0.4468437977149084,0.0,0.0
178,fra.1,2026-04-17,Lens,Toulouse,H,0.3107775418748981,0.15538877093744902,0.0,0.0
179,esp.1,2026-04-13,Levante,Getafe,A,0.1203818371934456,-0.1203818371934456,0.0,0.0
180,eng.1,2026-04-13,Manchester,Leeds Unit,H,4.405673643709333,-4.405673643709333,0.0,0.0
181,ita.1,2026-04-13,Fiorentina,Lazio,A,1.0923188721512278,-1.0923188721512278,0.0,0.0
182,esp.1,2026-04-12,Athletic C,Villarreal,D,0.4196668078572804,-0.4196668078572804,0.0,0.0
183,ita.1,2026-04-12,Bologna,Lecce,H,1.8510022071492147,1.4808017657193717,0.0,0.0
184,eng.1,2026-04-12,Chelsea,Manchester,A,0.9315100029737335,1.0712365034197937,0.0,0.0
185,fra.1,2026-04-12,Toulouse,Lille,A,2.912345566034991,3.786049235845488,0.0,0.0
186,esp.1,2026-04-12,Mallorca,Rayo Valle,H,3.900190437572526,5.382262803850086,0.0,0.0
187,ita.1,2026-04-12,Parma,Napoli,H,0.5897379157581095,-0.5897379157581095,0.0,0.0
188,eng.1,2026-04-12,Sunderland,Tottenham ,H,3.7589749010132345,6.3902573317225,0.0,0.0
189,eng.1,2026-04-12,Crystal Pa,Newcastle ,H,7.33404356249805,14.668087124996102,0.0,0.0
190,esp.1,2026-04-12,Osasuna,Real Betis,A,2.2066548163299102,-2.2066548163299102,0.0,0.0
191,ita.1,2026-04-12,Genoa,Sassuolo,A,1.586567614173073,-1.586567614173073,0.0,0.0
192,fra.1,2026-04-11,Stade Renn,Angers,H,0.552323741940214,0.1988365470984771,0.0,0.0
193,ita.1,2026-04-11,Atalanta,Juventus,A,0.3134685692616608,0.4231825685032421,0.0,0.0
194,esp.1,2026-04-11,Barcelona,Espanyol,H,11.054797904678013,3.205891392356625,0.0,0.0
195,eng.1,2026-04-11,Liverpool,Fulham,H,4.4485401031550635,2.8915510670507913,0.0,0.0
196,ita.1,2026-04-11,AC Milan,Udinese,A,3.2039096728105187,22.427367709673632,0.0,0.0
197,esp.1,2026-04-11,Elche,Valencia,A,3.513909809820878,-3.513909809820878,0.0,0.0
198,eng.1,2026-04-11,Burnley,Brighton &,D,0.4898404573819554,-0.4898404573819554,0.0,0.0
199,eng.1,2026-04-11,Brentford,Everton,A,0.8556522532348969,-0.8556522532348969,0.0,0.0
200,ger.1,2026-04-11,RB Leipzig,Borussia M,H,7.22467102298544,3.829075642182284,0.0,0.0
