league_slug,matches,home_win,draw,away_win,avg_goals,clean_sheet_pct,over_2_5_pct,source,computed_at
eng.1,342,0.43567251461988304,0.2719298245614035,0.29239766081871343,2.7660818713450293,0.4298245614035088,0.5526315789473685,league_outcomes_aggregated,2026-08-13 09:29:55
esp.1,240,0.5,0.24166666666666667,0.25833333333333336,2.725,0.42083333333333334,0.5083333333333333,league_outcomes_aggregated,2026-08-13 09:29:55
fra.1,186,0.4032258064516129,0.26344086021505375,0.3333333333333333,2.7795698924731185,0.5053763440860215,0.510752688172043,league_outcomes_aggregated,2026-08-13 09:29:55
ger.1,140,0.42142857142857143,0.22857142857142856,0.35,3.3642857142857143,0.42142857142857143,0.6357142857142857,league_outcomes_aggregated,2026-08-13 09:29:55
ita.1,306,0.38562091503267976,0.2679738562091503,0.3464052287581699,2.3366013071895426,0.545751633986928,0.45098039215686275,league_outcomes_aggregated,2026-08-13 09:29:55
kor.1,1344,0.39732142857142855,0.29017857142857145,0.3125,2.5163690476190474,0.47172619047619047,0.45535714285714285,league_outcomes_aggregated,2026-08-13 09:29:55
kor.2,3734,0.36073915372254955,0.2897696839850027,0.34949116229244775,2.5243706480985537,0.4772362078200321,0.4724156400642742,league_outcomes_aggregated,2026-08-13 09:29:55
kor.fa,118,0.4576271186440678,0.16101694915254236,0.3813559322033898,3.4322033898305087,0.4406779661016949,0.635593220338983,league_outcomes_aggregated,2026-08-13 09:29:55
swe.1,105,0.4,0.26666666666666666,0.3333333333333333,3.1333333333333333,0.4,0.580952380952381,league_outcomes_aggregated,2026-08-13 09:29:55
uefa.champions,9,0.4444444444444444,0.1111111111111111,0.4444444444444444,1.8888888888888888,0.8888888888888888,0.2222222222222222,league_outcomes_aggregated,2026-08-13 09:29:55
uefa.champions_qual,8,0.625,0.25,0.125,2.75,0.5,0.625,league_outcomes_aggregated,2026-08-13 09:29:55
uefa.europa,19,0.5789473684210527,0.15789473684210525,0.2631578947368421,2.6315789473684212,0.631578947368421,0.47368421052631576,league_outcomes_aggregated,2026-08-13 09:29:55
uefa.europa.conf,41,0.4878048780487805,0.24390243902439024,0.2682926829268293,3.341463414634146,0.4146341463414634,0.7073170731707317,league_outcomes_aggregated,2026-08-13 09:29:55
uefa.europa.conf_qual,1,1.0,0.0,0.0,1.0,1.0,0.0,league_outcomes_aggregated,2026-08-13 09:29:55
uefa.europa.q2,9,0.3333333333333333,0.2222222222222222,0.4444444444444444,2.4444444444444446,0.5555555555555556,0.4444444444444444,league_outcomes_aggregated,2026-08-13 09:29:55
uefa.europa_qual,2,0.5,0.5,0.0,2.0,0.5,0.5,league_outcomes_aggregated,2026-08-13 09:29:55
