referee_name,games_total,leagues_covered,avg_yellows_per_game,avg_reds_per_game,avg_total_yellows,avg_total_goals,avg_fouls_per_game,avg_home_corners,latest_game_date,fetched_at,referee_q_id,referee_birth_year,referee_country,referee_career_years
Anthony Taylor,35,"eng.1,uefa.champions,uefa.europa,uefa.europa.conf",4.09,0.086,4.09,2.97,20.94,9.66,2026-05-24T15:00Z,2026-07-20T00:57:59.591191+00:00,Q4453759,197.0,Q145,1804.0
Craig Pawson,17,eng.1,2.59,0.118,2.59,3.12,20.94,9.88,2026-05-24T15:00Z,2026-07-20T00:57:59.591191+00:00,Q16734311,197.0,Q145,1804.0
Samuel Barrott,20,eng.1,3.8,0.05,3.8,3.0,19.5,9.5,2026-05-24T15:00Z,2026-07-20T00:57:59.591191+00:00,Q140471877,,Q21,
Robert Jones,19,"eng.1,uefa.europa.conf",4.42,0.0,4.42,2.79,21.21,8.79,2026-05-24T15:00Z,2026-07-20T00:57:59.591191+00:00,Q3435547,195.0,Q145,1806.0
Michael Oliver,32,"eng.1,uefa.champions,uefa.europa",3.28,0.062,3.28,3.06,22.69,11.03,2026-05-24T15:00Z,2026-07-20T00:57:59.591191+00:00,Q4333767,198.0,Q16467748,1803.0
Jarred Gillett,19,eng.1,3.58,0.105,3.58,2.79,19.68,9.95,2026-05-17T16:30Z,2026-07-20T00:57:59.591191+00:00,Q6160971,198.0,Q408,1803.0
Darren England,19,eng.1,4.42,0.105,4.42,2.68,21.74,8.95,2026-05-24T15:00Z,2026-07-20T00:57:59.591191+00:00,Q85755750,198.0,Q145,1803.0
Peter Bankes,20,eng.1,4.2,0.2,4.2,2.8,22.35,9.85,2026-02-28T17:30Z,2026-07-20T00:57:59.591191+00:00,Q66685153,198.0,,1803.0
Simon Hooper,13,eng.1,4.15,0.154,4.15,3.23,23.85,9.77,2026-02-10T20:15Z,2026-07-20T00:57:59.591191+00:00,Q62615015,198.0,Q145,1803.0
Chris Kavanagh,31,"eng.1,uefa.champions,uefa.europa,uefa.europa.conf",3.94,0.129,3.94,2.58,21.87,10.39,2026-05-24T15:00Z,2026-07-20T00:57:59.591191+00:00,Q39079273,198.0,Q145,1803.0
Thomas Bramall,18,eng.1,4.17,0.111,4.17,2.33,21.28,9.11,2026-05-01T19:00Z,2026-07-20T00:57:59.591191+00:00,Q113576482,,,
Tony Harrington,11,eng.1,3.18,0.091,3.18,2.09,20.0,11.27,2026-01-18T16:30Z,2026-07-20T00:57:59.591191+00:00,Q110153251,,Q145,
Michael Salisbury,10,eng.1,4.5,0.1,4.5,3.6,21.6,11.0,2026-05-17T11:30Z,2026-07-20T00:57:59.591191+00:00,Q126369784,,,
Stuart Attwell,21,eng.1,4.95,0.143,4.95,3.1,21.29,9.71,2026-05-19T19:15Z,2026-07-20T00:57:59.591191+00:00,Q2983341,198.0,Q145,1803.0
Andy Madley,13,eng.1,3.46,0.154,3.46,3.0,21.15,10.62,2026-05-24T15:00Z,2026-07-20T00:57:59.591191+00:00,Q19938282,198.0,Q145,1803.0
John Brooks,13,"eng.1,uefa.europa",4.23,0.231,4.23,2.69,22.08,9.38,2026-05-17T14:00Z,2026-07-20T00:57:59.591191+00:00,Q6223373,199.0,Q145,1802.0
Andrew Kitchen,3,eng.1,4.0,0.0,4.0,2.33,22.33,12.0,2026-05-24T15:00Z,2026-07-20T00:57:59.591191+00:00,Q28152061,,,
Tim Robinson,8,eng.1,4.62,0.25,4.62,2.25,23.0,10.62,2026-02-28T15:00Z,2026-07-20T00:57:59.591191+00:00,Q7804181,198.0,Q30,1803.0
Thomas Kirk,6,eng.1,3.17,0.5,3.17,2.0,24.0,8.83,2026-05-17T14:00Z,2026-07-20T00:57:59.591191+00:00,Q930525,182.0,Q664,1819.0
Paul Tierney,11,eng.1,3.64,0.182,3.64,2.18,19.55,9.18,2026-05-18T19:00Z,2026-07-20T00:57:59.591191+00:00,Q18128728,198.0,Q145,1803.0
Matt Donohue,2,eng.1,4.5,0.0,4.5,2.5,26.5,9.0,2026-01-07T19:30Z,2026-07-20T00:57:59.591191+00:00,,,,
Farai Hallam,5,eng.1,2.8,0.0,2.8,3.4,21.8,8.6,2026-05-24T15:00Z,2026-07-20T00:57:59.591191+00:00,Q137896147,,,
Javier Alberola Rojas,18,"esp.1,uefa.europa.conf",3.89,0.333,3.89,3.11,24.94,10.44,2026-05-17T17:00Z,2026-07-20T00:57:59.591191+00:00,Q26421088,199.0,Q29,1802.0
Alejandro Muñiz Ruiz,13,esp.1,5.69,0.462,5.69,2.92,24.77,11.85,2026-05-17T17:00Z,2026-07-20T00:57:59.591191+00:00,Q64995564,199.0,Q29,1802.0
José Luis Munuera Montero,17,"esp.1,uefa.europa.conf",4.47,0.412,4.47,2.59,26.82,8.65,2026-05-23T19:00Z,2026-07-20T00:57:59.591191+00:00,Q24992161,198.0,Q29,1803.0
Miguel Sesma Espinosa,18,esp.1,3.56,0.0,3.56,2.83,27.0,9.22,2026-05-24T19:00Z,2026-07-20T00:57:59.591191+00:00,Q130344259,199.0,Q29,1802.0
José María Sánchez Martínez,18,"esp.1,uefa.champions,uefa.europa",4.22,0.222,4.22,2.17,25.89,9.5,2026-05-17T17:00Z,2026-07-20T00:57:59.591191+00:00,Q20895842,198.0,Q29,1803.0
Iosu Galech Apezteguía,16,esp.1,4.94,0.438,4.94,2.44,28.44,8.62,2026-05-17T17:00Z,2026-07-20T00:57:59.591191+00:00,Q64995554,199.0,Q29,1802.0
Francisco José Hernández Maeso,17,esp.1,2.88,0.176,2.88,2.76,24.82,11.12,2026-05-23T19:00Z,2026-07-20T00:57:59.591191+00:00,Q98270881,198.0,Q29,1803.0
Mateo Busquets Ferrer,17,esp.1,5.47,0.353,5.47,2.65,23.29,8.59,2026-05-23T19:00Z,2026-07-20T00:57:59.591191+00:00,Q124463313,199.0,Q29,1802.0
Victor García Verdura,13,esp.1,4.15,0.231,4.15,2.38,24.38,8.69,2026-05-17T17:00Z,2026-07-20T00:57:59.591191+00:00,Q107185065,199.0,,1802.0
Adrián Cordero Vega,16,esp.1,3.94,0.188,3.94,2.56,23.19,10.88,2026-05-23T19:00Z,2026-07-20T00:57:59.591191+00:00,Q26524012,198.0,Q29,1803.0
Miguel Ángel Ortiz Arias,15,esp.1,3.87,0.267,3.87,2.6,22.8,10.6,2026-05-17T17:00Z,2026-07-20T00:57:59.591191+00:00,Q64995570,198.0,Q29,1803.0
José Luis Guzmán Mansilla,14,esp.1,5.36,0.286,5.36,2.29,25.5,8.07,2026-05-12T19:30Z,2026-07-20T00:57:59.591191+00:00,Q112829658,199.0,Q29,1802.0
César Soto Grado,16,esp.1,5.0,0.375,5.0,2.69,22.94,10.31,2026-04-05T19:00Z,2026-07-20T00:57:59.591191+00:00,Q55198068,198.0,Q29,1803.0
Alejandro José Hernández Hernández,18,"esp.1,uefa.champions",4.83,0.222,4.83,3.94,23.39,9.78,2026-05-23T19:00Z,2026-07-20T00:57:59.591191+00:00,Q5665140,198.0,Q29,1803.0
Jesús Gil Manzano,23,"esp.1,uefa.champions,uefa.europa,uefa.europa.conf",4.96,0.391,4.96,2.91,25.57,11.3,2026-05-23T19:00Z,2026-07-20T00:57:59.591191+00:00,Q5930156,198.0,Q29,1803.0
Alejandro Quintero González,16,esp.1,5.25,0.688,5.25,2.62,26.75,9.19,2026-05-23T19:00Z,2026-07-20T00:57:59.591191+00:00,Q107185457,199.0,Q29,1802.0
Guillermo Cuadra Fernández,15,esp.1,4.4,0.2,4.4,2.87,24.07,8.73,2026-05-17T19:15Z,2026-07-20T00:57:59.591191+00:00,Q26429580,198.0,Q29,1803.0
Ricardo de Burgos Bengoetxea,19,"esp.1,uefa.champions,uefa.europa",4.0,0.158,4.0,2.53,22.53,9.63,2026-05-17T17:00Z,2026-07-20T00:57:59.591191+00:00,Q20895850,198.0,Q29,1803.0
Juan Martínez Munuera,20,"esp.1,uefa.champions,uefa.europa,uefa.europa.conf",4.35,0.15,4.35,2.45,28.3,8.3,2026-05-23T19:00Z,2026-07-20T00:57:59.591191+00:00,Q13756920,198.0,Q29,1803.0
Isidro Díaz De Mera Escuderos,19,esp.1,5.26,0.632,5.26,2.89,25.26,9.21,2026-05-17T17:00Z,2026-07-20T00:57:59.591191+00:00,Q26696021,198.0,Q29,1803.0
Víctor García Acosta,2,esp.1,1.5,0.0,1.5,2.0,18.5,10.5,2026-01-03T20:00Z,2026-07-20T00:57:59.591191+00:00,,,,
José Hernández García,1,esp.1,5.0,0.0,5.0,2.0,24.0,5.0,2025-12-14T15:15Z,2026-07-20T00:57:59.591191+00:00,Q102162532,,,
José María Sánchez Santos,1,esp.1,3.0,0.0,3.0,3.0,18.0,10.0,2026-05-23T19:00Z,2026-07-20T00:57:59.591191+00:00,,,,
Jeremie Pignard,17,"fra.1,uefa.europa.conf",4.41,0.412,4.41,3.06,22.53,10.88,2026-05-17T19:00Z,2026-07-20T00:57:59.591191+00:00,Q112579214,198.0,Q142,1803.0
Romain Lissorgue,10,fra.1,4.0,0.2,4.0,3.1,25.6,10.3,2026-04-10T17:00Z,2026-07-20T00:57:59.591191+00:00,Q125578377,199.0,Q142,1802.0
Ruddy Buquet,13,fra.1,2.85,0.154,2.85,3.15,24.08,8.92,2026-05-17T19:00Z,2026-07-20T00:57:59.591191+00:00,Q3446633,197.0,Q142,1804.0
Thomas Leonard,15,fra.1,4.13,0.2,4.13,2.47,24.2,11.33,2026-05-02T19:05Z,2026-07-20T00:57:59.591191+00:00,Q124662710,,,
Clément Turpin,20,"fra.1,uefa.champions",3.5,0.25,3.5,2.8,22.7,9.55,2026-05-17T19:00Z,2026-07-20T00:57:59.591191+00:00,Q1103944,198.0,Q142,1803.0
Abdelatif Kherradji,9,fra.1,4.0,0.444,4.0,2.33,29.0,9.11,2026-04-12T15:15Z,2026-07-20T00:57:59.591191+00:00,Q140525621,198.0,Q142,1803.0
Francois Letexier,23,"fra.1,uefa.champions,uefa.europa",4.35,0.348,4.35,2.96,23.35,9.78,2026-05-20T19:00Z,2026-07-20T00:57:59.591191+00:00,Q47463621,198.0,Q142,1803.0
Mathieu Vernice,12,fra.1,4.33,0.417,4.33,2.17,27.67,8.92,2026-05-17T19:00Z,2026-07-20T00:57:59.591191+00:00,Q121507764,199.0,Q142,1802.0
Benoit Bastien,20,"fra.1,uefa.champions,uefa.europa.conf",3.3,0.2,3.3,3.3,21.5,9.25,2026-05-17T19:00Z,2026-07-20T00:57:59.591191+00:00,Q8309001,198.0,Q142,1803.0
Hakim Ben El Hadj,9,fra.1,2.89,0.333,2.89,2.89,22.33,10.78,2026-04-12T15:15Z,2026-07-20T00:57:59.591191+00:00,Q74422820,197.0,Q142,1804.0
Marc Bollengier,15,fra.1,4.47,0.333,4.47,3.07,26.67,9.07,2026-05-03T15:15Z,2026-07-20T00:57:59.591191+00:00,Q122819996,199.0,Q142,1802.0
Jeremy Stinat,11,fra.1,4.36,0.545,4.36,2.64,23.36,9.64,2026-04-19T15:15Z,2026-07-20T00:57:59.591191+00:00,Q735879,197.0,Q142,1804.0
Eric Wattellier,15,fra.1,3.0,0.333,3.0,3.8,20.8,9.47,2026-05-03T15:15Z,2026-07-20T00:57:59.591191+00:00,Q67214276,198.0,Q142,1803.0
Jerome Brisard,16,"fra.1,uefa.europa",4.69,0.562,4.69,2.75,23.81,8.38,2026-04-05T15:15Z,2026-07-20T00:57:59.591191+00:00,Q59534803,198.0,Q142,1803.0
Guillaume Paradis,14,fra.1,4.0,0.143,4.0,2.0,24.14,9.14,2026-05-17T19:00Z,2026-07-20T00:57:59.591191+00:00,Q140600049,199.0,Q142,1802.0
Benoit Millot,12,fra.1,3.5,0.083,3.5,2.67,26.33,9.75,2026-05-13T17:00Z,2026-07-20T00:57:59.591191+00:00,Q8306814,198.0,Q142,1803.0
Bastien Dechepy,12,fra.1,3.92,0.25,3.92,2.58,24.58,9.33,2026-05-02T15:00Z,2026-07-20T00:57:59.591191+00:00,Q122830394,198.0,Q142,1803.0
Willy Delajod,16,"fra.1,uefa.europa",3.19,0.312,3.19,2.75,23.94,9.5,2026-05-17T19:00Z,2026-07-20T00:57:59.591191+00:00,Q69885093,199.0,Q142,1802.0
Stephanie Frappart,13,fra.1,3.54,0.0,3.54,3.0,23.54,9.08,2026-05-17T19:00Z,2026-07-20T00:57:59.591191+00:00,Q19914324,198.0,Q142,1803.0
Gael Angoula,12,fra.1,3.33,0.083,3.33,3.17,20.5,12.5,2026-05-03T15:15Z,2026-07-20T00:57:59.591191+00:00,Q27481,198.0,Q142,1803.0
Florian Badstübner,15,"ger.1,uefa.europa.conf",2.8,0.067,2.8,3.0,22.87,7.47,2026-05-03T15:30Z,2026-07-20T00:57:59.591191+00:00,Q97013905,199.0,Q183,1802.0
Benjamin Brand,12,ger.1,3.17,0.083,3.17,3.33,19.42,11.58,2026-04-18T13:30Z,2026-07-20T00:57:59.591191+00:00,Q20739201,198.0,Q183,1803.0
Robert Hartmann,11,ger.1,3.55,0.091,3.55,3.45,23.91,8.73,2026-05-16T13:30Z,2026-07-20T00:57:59.591191+00:00,Q68312,183.0,Q151624,1818.0
Daniel Siebert,24,"ger.1,uefa.champions",4.21,0.125,4.21,3.08,21.83,9.54,2026-05-30T16:00Z,2026-07-20T00:57:59.591191+00:00,Q15804526,198.0,Q183,1803.0
Harm Osmers,14,"ger.1,uefa.europa",4.5,0.214,4.5,3.21,19.64,8.14,2026-04-04T13:30Z,2026-07-20T00:57:59.591191+00:00,Q5659010,198.0,Q183,1803.0
Felix Zwayer,19,"ger.1,uefa.champions,uefa.europa,uefa.europa.conf",4.84,0.263,4.84,3.11,22.0,10.74,2026-04-30T19:00Z,2026-07-20T00:57:59.591191+00:00,Q1403916,198.0,Q183,1803.0
Matthias Jöllenbeck,12,ger.1,4.08,0.083,4.08,3.33,20.25,11.67,2026-04-17T18:30Z,2026-07-20T00:57:59.591191+00:00,Q104421527,198.0,,1803.0
Tobias Stieler,17,"ger.1,uefa.champions,uefa.europa,uefa.europa.conf",3.41,0.235,3.41,2.76,20.59,8.29,2026-05-16T13:30Z,2026-07-20T00:57:59.591191+00:00,Q2438001,198.0,Q183,1803.0
Sascha Stegemann,17,"ger.1,uefa.europa,uefa.europa.conf",3.76,0.235,3.76,3.24,21.94,10.59,2026-05-16T13:30Z,2026-07-20T00:57:59.591191+00:00,Q17326045,198.0,Q183,1803.0
Christian Dingert,9,ger.1,4.11,0.444,4.11,2.67,24.0,7.56,2026-04-11T13:30Z,2026-07-20T00:57:59.591191+00:00,Q1079290,198.0,Q183,1803.0
Frank Willenborg,9,ger.1,4.56,0.111,4.56,3.44,20.78,9.78,2026-05-16T13:30Z,2026-07-20T00:57:59.591191+00:00,Q1444454,197.0,Q183,1804.0
Timo Gerach,8,ger.1,4.62,0.125,4.62,2.62,21.38,9.0,2026-05-03T13:30Z,2026-07-20T00:57:59.591191+00:00,Q112111022,198.0,Q183,1803.0
Sven Jablonski,21,"ger.1,uefa.champions,uefa.europa,uefa.europa.conf",3.33,0.095,3.33,3.29,23.14,9.62,2026-04-16T16:45Z,2026-07-20T00:57:59.591191+00:00,Q31178673,199.0,Q183,1802.0
Robin Braun,8,ger.1,4.25,0.25,4.25,2.88,20.88,8.75,2026-03-21T14:30Z,2026-07-20T00:57:59.591191+00:00,Q7352268,195.0,Q30,1806.0
Florian Exner,9,ger.1,4.67,0.111,4.67,3.78,21.22,10.33,2026-04-18T13:30Z,2026-07-20T00:57:59.591191+00:00,Q108001630,199.0,Q183,1802.0
Sören Storks,12,ger.1,5.08,0.5,5.08,3.42,21.0,9.58,2026-04-19T15:30Z,2026-07-20T00:57:59.591191+00:00,Q32389260,198.0,Q183,1803.0
Daniel Schlager,15,"ger.1,uefa.europa,uefa.europa.conf",4.27,0.4,4.27,3.2,20.87,8.33,2026-05-02T13:30Z,2026-07-20T00:57:59.591191+00:00,Q54475730,198.0,Q183,1803.0
Tobias Reichel,8,ger.1,3.62,0.25,3.62,3.62,20.75,11.5,2026-04-12T13:30Z,2026-07-20T00:57:59.591191+00:00,Q97649230,198.0,,1803.0
Deniz Aytekin,12,ger.1,3.58,0.5,3.58,2.33,19.25,10.67,2026-05-16T13:30Z,2026-07-20T00:57:59.591191+00:00,Q99297,197.0,Q183,1804.0
Tobias Welz,14,ger.1,4.86,0.143,4.86,2.71,23.0,10.57,2026-05-16T13:30Z,2026-07-20T00:57:59.591191+00:00,Q2438067,197.0,Q183,1804.0
Bastian Dankert,12,ger.1,2.83,0.083,2.83,3.08,19.0,8.5,2026-05-16T13:30Z,2026-07-20T00:57:59.591191+00:00,Q4868282,198.0,Q183,1803.0
Martin Petersen,6,ger.1,5.67,0.0,5.67,3.0,22.5,12.83,2026-02-14T14:30Z,2026-07-20T00:57:59.591191+00:00,Q15834222,198.0,Q183,1803.0
Patrick Ittrich,9,ger.1,2.78,0.0,2.78,3.67,17.11,10.67,2026-05-16T13:30Z,2026-07-20T00:57:59.591191+00:00,Q15431974,197.0,Q183,1804.0
Robert Schröder,5,"ger.1,uefa.europa.conf",4.8,0.0,4.8,2.2,24.8,10.0,2026-04-04T16:30Z,2026-07-20T00:57:59.591191+00:00,Q54475837,198.0,Q183,1803.0
Davide Massa,21,"ita.1,uefa.champions,uefa.europa",4.29,0.429,4.29,2.43,27.24,8.33,2026-05-17T10:00Z,2026-07-20T00:57:59.591191+00:00,Q3703575,198.0,Q38,1803.0
Giovanni Ayroldi,9,ita.1,4.67,0.222,4.67,2.11,30.22,7.89,2026-05-03T16:00Z,2026-07-20T00:57:59.591191+00:00,Q83643614,199.0,Q38,1802.0
Giuseppe Collu,12,ita.1,4.42,0.333,4.42,1.67,22.25,8.42,2026-03-20T19:45Z,2026-07-20T00:57:59.591191+00:00,Q123339850,199.0,Q38,1802.0
Luca Zufferli,14,ita.1,3.0,0.071,3.0,2.21,25.21,9.64,2026-05-24T19:45Z,2026-07-20T00:57:59.591191+00:00,Q58042486,199.0,Q38,1802.0
Simone Sozza,19,"ita.1,uefa.champions,uefa.europa,uefa.europa.conf",3.79,0.316,3.79,2.42,25.21,10.05,2026-05-24T18:45Z,2026-07-20T00:57:59.591191+00:00,Q57198170,198.0,Q38,1803.0
Gianluca Manganiello,8,ita.1,3.62,0.125,3.62,2.0,25.75,7.88,2026-05-17T18:45Z,2026-07-20T00:57:59.591191+00:00,Q24239733,198.0,Q38,1803.0
Alberto Arena,9,ita.1,3.0,0.111,3.0,1.78,22.33,9.33,2026-05-17T18:45Z,2026-07-20T00:57:59.591191+00:00,Q5662763,196.0,Q298,1805.0
Matteo Marcenaro,12,ita.1,4.33,0.167,4.33,2.33,25.08,9.92,2026-04-18T18:45Z,2026-07-20T00:57:59.591191+00:00,Q110205882,199.0,Q38,1802.0
Paride Tremolada,2,ita.1,7.0,0.0,7.0,1.5,25.0,8.5,2025-09-14T16:00Z,2026-07-20T00:57:59.591191+00:00,Q123191891,198.0,Q38,1803.0
Federico La Penna,12,ita.1,3.58,0.417,3.58,3.33,26.33,8.92,2026-05-17T18:45Z,2026-07-20T00:57:59.591191+00:00,Q23925113,198.0,Q38,1803.0
Marco Guida,22,"ita.1,uefa.champions,uefa.europa",3.59,0.182,3.59,2.55,23.59,9.14,2026-05-24T18:45Z,2026-07-20T00:57:59.591191+00:00,Q3846190,198.0,Q38,1803.0
Livio Marinelli,6,ita.1,3.5,0.5,3.5,2.5,26.5,8.83,2026-02-20T19:45Z,2026-07-20T00:57:59.591191+00:00,Q52419244,198.0,Q38,1803.0
Daniele Doveri,16,ita.1,3.88,0.125,3.88,2.0,24.25,8.88,2026-05-24T18:45Z,2026-07-20T00:57:59.591191+00:00,Q3701954,197.0,Q38,1804.0
Maurizio Mariani,21,"ita.1,uefa.champions,uefa.europa.conf",4.1,0.19,4.1,2.71,23.33,8.86,2026-05-27T19:00Z,2026-07-20T00:57:59.591191+00:00,Q16577239,198.0,Q38,1803.0
Kevin Bonacina,11,ita.1,3.64,0.091,3.64,3.55,26.64,8.64,2026-05-23T16:00Z,2026-07-20T00:57:59.591191+00:00,Q131442039,199.0,Q38,1802.0
Daniele Chiffi,15,"ita.1,uefa.europa.conf",2.53,0.133,2.53,2.47,23.07,6.4,2026-05-04T16:30Z,2026-07-20T00:57:59.591191+00:00,Q18644884,198.0,Q38,1803.0
Rosario Abisso,8,ita.1,3.38,0.625,3.38,2.0,25.5,9.88,2026-04-05T13:00Z,2026-07-20T00:57:59.591191+00:00,Q24239762,198.0,Q38,1803.0
Matteo Marchetti,12,ita.1,3.42,0.417,3.42,2.5,24.58,9.42,2026-04-17T18:45Z,2026-07-20T00:57:59.591191+00:00,Q57197845,198.0,Q38,1803.0
Valerio Crezzini,9,ita.1,3.44,0.0,3.44,2.78,26.33,8.78,2026-05-03T10:30Z,2026-07-20T00:57:59.591191+00:00,Q134469291,199.0,Q38,1802.0
Francesco Fourneau,12,ita.1,4.25,0.0,4.25,3.08,25.92,8.58,2026-05-17T10:00Z,2026-07-20T00:57:59.591191+00:00,Q52419194,198.0,Q38,1803.0
Andrea Colombo,15,"ita.1,uefa.europa.conf",4.87,0.133,4.87,2.93,27.53,8.33,2026-04-12T16:00Z,2026-07-20T00:57:59.591191+00:00,Q3615616,195.0,Q38,1806.0
Marco Piccinini,6,ita.1,3.67,0.5,3.67,2.67,27.0,10.17,2026-02-22T17:00Z,2026-07-20T00:57:59.591191+00:00,Q55281077,198.0,Q38,1803.0
Antonio Rapuano,5,ita.1,4.4,0.4,4.4,2.4,27.2,8.4,2026-04-12T10:30Z,2026-07-20T00:57:59.591191+00:00,Q52418988,198.0,Q38,1803.0
Marco Di Bello,10,ita.1,2.6,0.2,2.6,3.1,26.3,9.4,2026-04-12T13:00Z,2026-07-20T00:57:59.591191+00:00,Q16575809,198.0,Q38,1803.0
Daniele Perenzoni,2,ita.1,2.5,0.0,2.5,2.5,25.0,6.5,2026-05-17T16:00Z,2026-07-20T00:57:59.591191+00:00,Q114422628,198.0,Q38,1803.0
Ermanno Feliciani,12,ita.1,2.83,0.0,2.83,3.0,24.17,9.83,2026-04-10T18:45Z,2026-07-20T00:57:59.591191+00:00,Q57236663,199.0,Q38,1802.0
Michael Fabbri,14,ita.1,4.36,0.143,4.36,1.64,25.21,8.0,2026-05-02T16:00Z,2026-07-20T00:57:59.591191+00:00,Q21185145,198.0,Q38,1803.0
Federico Dionisi,1,ita.1,7.0,0.0,7.0,4.0,28.0,5.0,2025-10-26T14:00Z,2026-07-20T00:57:59.591191+00:00,Q62078931,198.0,Q38,1803.0
Luca Pairetto,11,"ita.1,uefa.europa.conf",5.18,0.364,5.18,2.45,25.82,8.18,2026-03-22T11:30Z,2026-07-20T00:57:59.591191+00:00,Q16917534,198.0,Q38,1803.0
Juan Luca Sacchi,10,ita.1,3.4,0.0,3.4,2.3,28.4,10.1,2026-04-27T16:30Z,2026-07-20T00:57:59.591191+00:00,Q24066878,198.0,Q38,1803.0
Davide Di Marco,3,ita.1,3.0,0.0,3.0,2.67,22.33,10.33,2026-04-18T13:00Z,2026-07-20T00:57:59.591191+00:00,Q125498981,199.0,Q38,1802.0
Giuseppe Mucera,2,ita.1,2.5,0.0,2.5,2.0,28.0,8.5,2026-05-02T13:00Z,2026-07-20T00:57:59.591191+00:00,Q137384899,199.0,Q38,1802.0
Fabio Maresca,11,ita.1,4.27,0.636,4.27,2.64,26.36,9.36,2026-05-24T18:45Z,2026-07-20T00:57:59.591191+00:00,Q16977566,198.0,Q38,1803.0
Andrea Calzavara,2,ita.1,3.0,0.0,3.0,1.5,26.5,9.0,2026-05-17T13:00Z,2026-07-20T00:57:59.591191+00:00,Q136149061,200.0,Q38,1801.0
Maria Ferrieri Caputi,2,ita.1,4.5,0.0,4.5,3.0,22.5,9.5,2026-05-23T18:45Z,2026-07-20T00:57:59.591191+00:00,,,,
Luca Massimi,1,ita.1,6.0,0.0,6.0,2.0,22.0,9.0,2026-02-27T19:45Z,2026-07-20T00:57:59.591191+00:00,Q61873413,198.0,Q38,1803.0
Ivano Pezzuto,1,ita.1,3.0,0.0,3.0,0.0,24.0,8.0,2026-05-02T18:45Z,2026-07-20T00:57:59.591191+00:00,Q23829611,198.0,Q38,1803.0
Mario Perri,1,ita.1,2.0,0.0,2.0,2.0,25.0,6.0,2026-05-22T18:45Z,2026-07-20T00:57:59.591191+00:00,Q139891657,199.0,Q38,1802.0
Niccolò Turrini,1,ita.1,4.0,0.0,4.0,1.0,24.0,2.0,2026-05-24T13:00Z,2026-07-20T00:57:59.591191+00:00,,,,
Andrea Zanotti,1,ita.1,3.0,1.0,3.0,1.0,16.0,6.0,2026-05-24T16:00Z,2026-07-20T00:57:59.591191+00:00,Q139891632,199.0,Q38,1802.0
Kristoffer Hagenes,11,nor.1,5.18,0.091,5.18,2.91,27.55,10.73,2026-07-17T17:15Z,2026-07-20T00:57:59.591191+00:00,Q30325674,199.0,Q20,1802.0
Ola Hobber Nilsen,14,nor.1,3.29,0.0,3.29,3.14,22.0,10.86,2026-07-18T16:00Z,2026-07-20T00:57:59.591191+00:00,Q17105968,198.0,Q20,1803.0
Svein Tore Sinnes,15,nor.1,3.0,0.2,3.0,3.2,23.2,9.87,2026-07-18T14:00Z,2026-07-20T00:57:59.591191+00:00,Q115011215,199.0,Q20,1802.0
Daniel Higraff,12,nor.1,3.25,0.083,3.25,3.92,21.42,11.0,2026-07-16T17:00Z,2026-07-20T00:57:59.591191+00:00,Q55606123,199.0,Q20,1802.0
Mathias Støfringshaug,7,nor.1,2.86,0.143,2.86,2.43,22.14,10.14,2026-07-12T15:00Z,2026-07-20T00:57:59.591191+00:00,,,,
Christian Moen,10,nor.1,2.8,0.0,2.8,2.7,19.7,8.9,2026-05-24T14:00Z,2026-07-20T00:57:59.591191+00:00,Q102416722,,,
Rohit Saggi,18,"nor.1,uefa.europa,uefa.europa.conf",2.89,0.056,2.89,2.78,23.56,11.28,2026-07-12T12:30Z,2026-07-20T00:57:59.591191+00:00,Q17107047,199.0,Q20,1802.0
Eivind Bodding,6,nor.1,3.0,0.0,3.0,3.0,24.5,10.83,2025-11-30T16:00Z,2026-07-20T00:57:59.591191+00:00,Q138292604,199.0,,1802.0
Marius Lien,16,nor.1,2.62,0.25,2.62,3.12,22.62,10.88,2026-07-18T16:00Z,2026-07-20T00:57:59.591191+00:00,Q114627557,199.0,Q20,1802.0
Sigurd Smehus Kringstad,16,"nor.1,uefa.europa.conf",4.44,0.062,4.44,2.62,23.75,11.56,2026-07-11T12:00Z,2026-07-20T00:57:59.591191+00:00,Q98549576,198.0,Q20,1803.0
Usman Aslam,15,"nor.1,uefa.europa.conf",3.47,0.133,3.47,3.93,25.13,8.53,2026-07-18T14:00Z,2026-07-20T00:57:59.591191+00:00,Q98549572,,Q20,
Espen Eskas,14,"nor.1,uefa.champions,uefa.europa,uefa.europa.conf",3.14,0.143,3.14,4.07,21.64,10.5,2026-05-25T15:00Z,2026-07-20T00:57:59.591191+00:00,Q10822753,198.0,Q20,1803.0
Tore Hansen,15,nor.1,3.73,0.133,3.73,2.87,21.87,10.73,2026-07-11T14:00Z,2026-07-20T00:57:59.591191+00:00,Q12006976,194.0,Q20,1807.0
Marius Hansen Grotta,16,nor.1,3.12,0.062,3.12,3.06,24.75,12.0,2026-07-12T17:15Z,2026-07-20T00:57:59.591191+00:00,Q98549553,,Q20,
Dejan Trifkovic,1,nor.1,3.0,0.0,3.0,4.0,18.0,3.0,2025-08-22T17:00Z,2026-07-20T00:57:59.591191+00:00,,,,
Stian Røvig Sletner,12,nor.1,3.0,0.083,3.0,3.42,22.17,12.25,2026-07-12T15:00Z,2026-07-20T00:57:59.591191+00:00,,,,
Sivert Amland,10,nor.1,3.7,0.3,3.7,3.5,26.1,9.4,2026-05-29T17:00Z,2026-07-20T00:57:59.591191+00:00,Q98549475,199.0,Q20,1802.0
Mischa Huru,3,nor.1,2.33,0.0,2.33,3.67,23.67,9.67,2026-07-18T12:00Z,2026-07-20T00:57:59.591191+00:00,Q112270360,199.0,Q20,1802.0
Jørgen Haugen,5,nor.1,3.6,0.2,3.6,2.4,28.4,9.4,2026-07-18T14:00Z,2026-07-20T00:57:59.591191+00:00,Q4809720,193.0,Q756617,1808.0
Mischa Kellerhals,1,nor.1,2.0,0.0,2.0,2.0,20.0,11.0,2026-05-25T15:00Z,2026-07-20T00:57:59.591191+00:00,Q112270360,199.0,Q20,1802.0
Donatas Rumsas,7,"uefa.champions,uefa.europa,uefa.europa.conf",4.57,0.0,4.57,2.57,28.14,5.57,2026-04-30T19:00Z,2026-07-20T00:57:59.591191+00:00,Q64547528,198.0,Q37,1803.0
Erik Lambrechts,6,"uefa.champions,uefa.europa",3.17,0.333,3.17,2.83,20.33,11.17,2026-03-12T20:00Z,2026-07-20T00:57:59.591191+00:00,Q20973369,198.0,Q31,1803.0
Irfan Peljto,4,"uefa.champions,uefa.europa",4.75,1.0,4.75,2.5,27.5,11.0,2026-03-19T17:45Z,2026-07-20T00:57:59.591191+00:00,Q64526050,198.0,Q225,1803.0
Rade Obrenovic,7,"uefa.champions,uefa.europa,uefa.europa.conf",4.57,0.286,4.57,2.43,23.29,7.86,2026-04-09T19:00Z,2026-07-20T00:57:59.591191+00:00,Q59202253,199.0,Q215,1802.0
Istvan Kovacs,7,"uefa.champions,uefa.europa",5.86,0.286,5.86,2.71,27.71,8.71,2026-04-08T19:00Z,2026-07-20T00:57:59.591191+00:00,Q102423349,,,
Marian Barbu,3,"uefa.champions,uefa.europa,uefa.europa.conf",5.0,0.0,5.0,4.33,26.67,8.33,2026-03-12T17:45Z,2026-07-20T00:57:59.591191+00:00,Q119851173,198.0,Q218,1803.0
Sandro Scharer,6,"uefa.champions,uefa.europa,uefa.europa.conf",3.83,0.0,3.83,4.67,24.33,8.5,2026-04-28T19:00Z,2026-07-20T00:57:59.591191+00:00,Q26704638,198.0,Q39,1803.0
Aliyar Aghayev,6,"uefa.champions,uefa.europa,uefa.europa.conf",5.33,0.5,5.33,2.33,25.83,8.83,2026-03-19T17:45Z,2026-07-20T00:57:59.591191+00:00,Q18235361,198.0,Q227,1803.0
Glenn Nyberg,6,"uefa.champions,uefa.europa",3.33,0.167,3.33,3.0,23.83,7.0,2026-04-09T19:00Z,2026-07-20T00:57:59.591191+00:00,Q51154224,198.0,Q34,1803.0
Damian Sylwestrzak,4,"uefa.champions,uefa.europa,uefa.europa.conf",6.75,0.25,6.75,3.0,32.5,10.0,2026-02-26T17:45Z,2026-07-20T00:57:59.591191+00:00,Q110692410,199.0,Q36,1802.0
Slavko Vincici,7,uefa.champions,2.43,0.429,2.43,3.57,23.86,10.57,2026-04-15T19:00Z,2026-07-20T00:57:59.591191+00:00,,,,
Ivan Kruzliak,4,uefa.champions,4.75,0.0,4.75,4.0,24.0,9.0,2026-03-11T20:00Z,2026-07-20T00:57:59.591191+00:00,Q6096722,198.0,Q214,1803.0
Manfredas Lukjancukas,6,"uefa.champions,uefa.europa,uefa.europa.conf",3.67,0.167,3.67,2.5,21.33,6.5,2026-02-19T17:45Z,2026-07-20T00:57:59.591191+00:00,Q55355512,199.0,Q37,1802.0
Serdar Gözübüyük,5,uefa.champions,4.4,0.0,4.4,3.4,26.6,9.4,2026-03-10T20:00Z,2026-07-20T00:57:59.591191+00:00,Q1151124,198.0,Q29999,1803.0
Urs Schnyder,3,"uefa.champions,uefa.europa.conf",3.67,0.333,3.67,4.67,20.0,9.33,2025-12-18T20:00Z,2026-07-20T00:57:59.591191+00:00,Q56395411,198.0,Q39,1803.0
Szymon Marciniak,5,"uefa.champions,uefa.europa",2.8,0.4,2.8,3.0,25.2,10.8,2026-03-18T20:00Z,2026-07-20T00:57:59.591191+00:00,Q7665089,198.0,Q36,1803.0
Danny Makkelie,8,"uefa.champions,uefa.europa",2.5,0.125,2.5,3.12,21.62,10.75,2026-04-29T19:00Z,2026-07-20T00:57:59.591191+00:00,Q13511583,198.0,Q29999,1803.0
Igor Pajac,5,"uefa.champions,uefa.europa,uefa.europa.conf",2.8,0.2,2.8,2.8,21.0,7.6,2026-03-12T20:00Z,2026-07-20T00:57:59.591191+00:00,Q56787217,198.0,Q224,1803.0
João Pinheiro,7,"uefa.champions,uefa.europa,uefa.europa.conf",4.43,0.143,4.43,2.57,20.57,9.43,2026-05-06T19:00Z,2026-07-20T00:57:59.591191+00:00,Q79035126,198.0,Q45,1803.0
Nick Walsh,7,"uefa.champions,uefa.europa,uefa.europa.conf",4.29,0.0,4.29,3.0,22.86,9.29,2026-04-09T19:00Z,2026-07-20T00:57:59.591191+00:00,Q30122335,199.0,Q145,1802.0
Halil Meler,5,"uefa.champions,uefa.europa",5.6,0.0,5.6,2.8,26.8,8.2,2026-03-11T17:45Z,2026-07-20T00:57:59.591191+00:00,,,,
Orel Grinfeld,3,"uefa.europa,uefa.europa.conf",4.33,0.0,4.33,2.0,27.0,7.33,2026-02-19T17:45Z,2026-07-20T00:57:59.591191+00:00,Q16522253,198.0,Q801,1803.0
Nikola Dabanovic,4,"uefa.europa,uefa.europa.conf",4.25,0.25,4.25,3.75,26.75,11.0,2026-02-26T20:00Z,2026-07-20T00:57:59.591191+00:00,Q46700258,198.0,Q236,1803.0
Radu Petrescu,3,uefa.europa,4.0,0.0,4.0,2.33,25.67,9.33,2025-12-11T20:00Z,2026-07-20T00:57:59.591191+00:00,Q27966252,198.0,Q218,1803.0
Luís Godinho,4,"uefa.europa,uefa.europa.conf",6.0,0.0,6.0,2.5,25.0,9.75,2026-03-12T20:00Z,2026-07-20T00:57:59.591191+00:00,Q109524546,198.0,Q45,1803.0
Kristo  Tohver ,2,uefa.europa,6.5,0.5,6.5,3.5,23.5,5.5,2025-11-27T20:00Z,2026-07-20T00:57:59.591191+00:00,,,,
Allard Lindhout,3,uefa.europa,5.67,0.667,5.67,1.67,25.0,13.0,2025-11-27T20:00Z,2026-07-20T00:57:59.591191+00:00,Q17833805,198.0,Q29999,1803.0
Horatiu Fesnic,3,uefa.europa,6.67,0.0,6.67,3.0,35.67,7.33,2025-12-11T17:45Z,2026-07-20T00:57:59.591191+00:00,Q42907713,198.0,Q218,1803.0
Sander Van Der Eijk,6,"uefa.europa,uefa.europa.conf",4.33,0.833,4.33,2.67,24.5,8.67,2026-03-19T20:00Z,2026-07-20T00:57:59.591191+00:00,Q29867849,199.0,Q29999,1802.0
Matej Jug,3,uefa.europa,4.33,0.333,4.33,2.0,26.67,7.0,2025-11-27T17:45Z,2026-07-20T00:57:59.591191+00:00,Q2255536,198.0,Q215,1803.0
Vasilis Fotias,6,"uefa.europa,uefa.europa.conf",4.17,0.167,4.17,2.17,24.17,10.83,2026-03-12T17:45Z,2026-07-20T00:57:59.591191+00:00,,,,
Nenad Minakovic,4,"uefa.europa,uefa.europa.conf",3.25,0.0,3.25,3.0,28.0,9.0,2026-02-26T20:00Z,2026-07-20T00:57:59.591191+00:00,Q123115300,198.0,Q403,1803.0
Mohammed Al-Hakim,4,uefa.europa,4.75,0.0,4.75,2.75,22.25,9.75,2026-01-22T17:45Z,2026-07-20T00:57:59.591191+00:00,Q23772509,198.0,Q34,1803.0
Srdjan Jovanovic,4,"uefa.europa,uefa.europa.conf",5.5,0.5,5.5,4.25,27.5,8.75,2026-03-19T20:00Z,2026-07-20T00:57:59.591191+00:00,Q41710927,198.0,Q403,1803.0
Julian Weinberger,2,uefa.europa,3.0,0.0,3.0,2.0,26.5,7.5,2025-11-06T20:00Z,2026-07-20T00:57:59.591191+00:00,Q56787220,198.0,Q40,1803.0
Sebastian Gishamer,4,"uefa.europa,uefa.europa.conf",3.75,0.0,3.75,3.25,25.0,10.5,2026-03-12T17:45Z,2026-07-20T00:57:59.591191+00:00,Q15847038,198.0,Q40,1803.0
Enea Jorgji,2,"uefa.europa,uefa.europa.conf",4.0,1.5,4.0,3.5,27.0,9.5,2025-12-11T17:45Z,2026-07-20T00:57:59.591191+00:00,Q20744465,198.0,Q222,1803.0
Andris Treimanis,4,"uefa.europa,uefa.europa.conf",6.0,0.5,6.0,2.25,28.5,8.0,2026-03-19T17:45Z,2026-07-20T00:57:59.591191+00:00,Q16068995,198.0,Q211,1803.0
António Nobre,2,uefa.europa,5.0,0.5,5.0,2.0,21.0,9.5,2025-12-11T20:00Z,2026-07-20T00:57:59.591191+00:00,Q112570509,198.0,Q45,1803.0
Anastasios Sidiropoulos ,3,"uefa.europa,uefa.europa.conf",3.67,0.0,3.67,2.0,23.0,10.0,2025-11-27T20:00Z,2026-07-20T00:57:59.591191+00:00,Q16218787,197.0,Q41,1804.0
Jakob Kehlet,1,uefa.europa,13.0,0.0,13.0,1.0,26.0,11.0,2025-10-23T16:45Z,2026-07-20T00:57:59.591191+00:00,Q12318960,198.0,Q756617,1803.0
Filip Glova,2,"uefa.europa,uefa.europa.conf",2.5,0.0,2.5,3.0,18.0,11.5,2025-11-27T20:00Z,2026-07-20T00:57:59.591191+00:00,Q24623726,198.0,Q214,1803.0
Elchin Masiyev,2,uefa.europa,3.5,0.5,3.5,0.5,23.0,7.5,2025-12-11T20:00Z,2026-07-20T00:57:59.591191+00:00,Q123119047,199.0,Q227,1802.0
Goga Kikacheishvili,2,uefa.europa,4.0,0.0,4.0,4.5,26.5,8.0,2025-12-11T17:45Z,2026-07-20T00:57:59.591191+00:00,Q114981713,199.0,,1802.0
Georgi Kabakov ,4,"uefa.europa,uefa.europa.conf",4.0,0.0,4.0,3.75,24.75,10.75,2026-03-12T20:00Z,2026-07-20T00:57:59.591191+00:00,Q21063886,198.0,Q219,1803.0
Mohammed Al Emara,4,"uefa.europa,uefa.europa.conf",3.0,0.0,3.0,2.25,21.5,7.0,2026-03-12T20:00Z,2026-07-20T00:57:59.591191+00:00,Q85983611,199.0,Q33,1802.0
Anastasios Papapetrou,3,uefa.europa,2.33,0.0,2.33,3.33,22.33,9.0,2026-01-22T20:00Z,2026-07-20T00:57:59.591191+00:00,Q56787225,198.0,Q41,1803.0
Juxhin Xhaja,4,"uefa.europa,uefa.europa.conf",5.25,0.5,5.25,2.5,23.0,9.75,2026-02-19T20:00Z,2026-07-20T00:57:59.591191+00:00,Q114122516,199.0,Q222,1802.0
John Beaton,2,uefa.europa,5.5,0.5,5.5,3.0,23.0,7.5,2025-11-27T17:45Z,2026-07-20T00:57:59.591191+00:00,Q6221258,198.0,Q145,1803.0
Giorgi Kruashvili,3,"uefa.europa,uefa.europa.conf",6.0,0.333,6.0,2.67,21.0,9.33,2025-12-18T20:00Z,2026-07-20T00:57:59.591191+00:00,Q59347609,198.0,Q230,1803.0
Mykola Balakin,5,"uefa.europa,uefa.europa.conf",3.4,0.0,3.4,3.0,23.8,8.2,2026-03-19T20:00Z,2026-07-20T00:57:59.591191+00:00,Q28701898,198.0,Q212,1803.0
Balazs Berke,2,uefa.europa,4.0,0.0,4.0,6.0,21.5,9.5,2025-11-27T17:45Z,2026-07-20T00:57:59.591191+00:00,Q28722435,198.0,Q28,1803.0
Morten Krogh,2,uefa.europa,2.0,0.0,2.0,1.0,27.0,9.0,2025-11-27T17:45Z,2026-07-20T00:57:59.591191+00:00,Q44694917,198.0,Q756617,1803.0
Oleksiy Derevinskyi,3,"uefa.europa,uefa.europa.conf",4.67,0.0,4.67,2.67,20.67,13.0,2026-01-22T20:00Z,2026-07-20T00:57:59.591191+00:00,Q105091474,198.0,Q212,1803.0
Robert Hennessy,3,"uefa.europa,uefa.europa.conf",4.33,0.0,4.33,2.33,27.67,6.33,2026-01-22T20:50Z,2026-07-20T00:57:59.591191+00:00,Q67183117,199.0,Q27,1802.0
Lothar D'Hondt,2,uefa.europa.conf,3.0,0.5,3.0,1.5,23.5,10.5,2025-12-18T20:00Z,2026-07-20T00:57:59.591191+00:00,Q136232949,,Q31,
Radoslav Gidzhenov,2,uefa.europa.conf,5.5,0.5,5.5,1.5,26.5,7.5,2025-11-27T17:45Z,2026-07-20T00:57:59.591191+00:00,Q131626326,199.0,,1802.0
Igor Stojchevski,1,uefa.europa.conf,4.0,1.0,4.0,1.0,27.0,12.0,2025-10-02T16:45Z,2026-07-20T00:57:59.591191+00:00,Q134732539,,,
Michal Ocenas,2,uefa.europa.conf,5.0,0.0,5.0,2.0,25.0,8.5,2025-11-27T17:45Z,2026-07-20T00:57:59.591191+00:00,Q106452888,199.0,Q214,1802.0
Genc Nuza,2,uefa.europa.conf,3.0,0.0,3.0,3.0,27.0,8.5,2025-11-27T17:45Z,2026-07-20T00:57:59.591191+00:00,Q28600195,198.0,Q1246,1803.0
Milos Milanovic,2,uefa.europa.conf,4.0,0.0,4.0,2.0,20.0,11.0,2025-12-11T17:45Z,2026-07-20T00:57:59.591191+00:00,Q12755455,198.0,,1803.0
Duje Strukan,2,uefa.europa.conf,5.5,0.0,5.5,5.0,21.5,10.0,2025-11-27T17:45Z,2026-07-20T00:57:59.591191+00:00,Q65129726,198.0,Q224,1803.0
Ishmael Barbara,2,uefa.europa.conf,3.0,0.5,3.0,2.0,27.0,9.5,2025-12-18T20:00Z,2026-07-20T00:57:59.591191+00:00,Q128034234,199.0,,1802.0
Pawel Raczkowski,2,uefa.europa.conf,4.0,0.0,4.0,1.0,21.0,8.0,2025-11-27T20:00Z,2026-07-20T00:57:59.591191+00:00,Q16586791,198.0,Q36,1803.0
Atilla Karaoglan,1,uefa.europa.conf,7.0,0.0,7.0,5.0,21.0,9.0,2025-10-02T19:00Z,2026-07-20T00:57:59.591191+00:00,Q73912679,198.0,Q43,1803.0
Jasper Vergoote,2,uefa.europa.conf,3.0,0.0,3.0,4.5,24.0,8.0,2025-12-11T17:45Z,2026-07-20T00:57:59.591191+00:00,Q127268855,199.0,Q31,1802.0
Antoni Bandic,1,uefa.europa.conf,10.0,1.0,10.0,4.0,24.0,15.0,2025-10-23T16:45Z,2026-07-20T00:57:59.591191+00:00,Q130571561,,Q225,
Sandi Putros,2,uefa.europa.conf,4.5,0.5,4.5,0.0,19.5,14.5,2025-12-18T20:00Z,2026-07-20T00:57:59.591191+00:00,Q29345997,198.0,Q756617,1803.0
Robert Harvey,1,uefa.europa.conf,7.0,0.0,7.0,2.0,35.0,10.0,2025-10-23T16:45Z,2026-07-20T00:57:59.591191+00:00,Q7345299,195.0,Q145,1806.0
Stefan Ebner,2,uefa.europa.conf,5.0,0.5,5.0,0.5,27.0,9.0,2025-12-18T20:00Z,2026-07-20T00:57:59.591191+00:00,Q120987099,199.0,Q40,1802.0
Yigal Frid,3,uefa.europa.conf,3.67,0.333,3.67,3.0,25.67,8.33,2025-12-18T20:00Z,2026-07-20T00:57:59.591191+00:00,Q106452920,199.0,Q801,1802.0
Gustavo Correia,2,uefa.europa.conf,3.0,0.0,3.0,2.0,16.5,9.0,2025-11-27T20:00Z,2026-07-20T00:57:59.591191+00:00,Q111434506,199.0,Q45,1802.0
Dario Bel,2,uefa.europa.conf,7.0,0.0,7.0,1.5,29.5,8.0,2025-11-27T17:45Z,2026-07-20T00:57:59.591191+00:00,Q65129700,198.0,Q224,1803.0
Damian Kos,1,uefa.europa.conf,4.0,0.0,4.0,1.0,32.0,10.0,2025-10-23T19:00Z,2026-07-20T00:57:59.591191+00:00,Q125209013,198.0,Q36,1803.0
Gal Leibovitz,1,uefa.europa.conf,3.0,0.0,3.0,2.0,31.0,6.0,2025-10-23T19:00Z,2026-07-20T00:57:59.591191+00:00,Q119851172,,Q801,
Henrik Nalbandyan,1,uefa.europa.conf,7.0,0.0,7.0,1.0,30.0,10.0,2025-10-23T19:00Z,2026-07-20T00:57:59.591191+00:00,Q123553060,199.0,Q399,1802.0
Chrysovalantis Theouli,1,uefa.europa.conf,3.0,0.0,3.0,3.0,32.0,10.0,2025-10-23T19:00Z,2026-07-20T00:57:59.591191+00:00,Q119851175,198.0,Q229,1803.0
Jamie Robinson,1,uefa.europa.conf,5.0,1.0,5.0,1.0,26.0,9.0,2025-10-23T19:00Z,2026-07-20T00:57:59.591191+00:00,Q130614101,,,
Ivar Orri Kristjansson,2,uefa.europa.conf,4.0,0.0,4.0,2.5,22.0,8.0,2025-12-11T17:45Z,2026-07-20T00:57:59.591191+00:00,Q113996969,,Q189,
Ondrej Berka,3,uefa.europa.conf,3.33,0.0,3.33,2.33,23.33,9.33,2025-12-18T20:00Z,2026-07-20T00:57:59.591191+00:00,Q112501596,198.0,Q213,1803.0
Pavle Ilic,1,uefa.europa.conf,7.0,0.0,7.0,2.0,23.0,5.0,2025-10-23T19:00Z,2026-07-20T00:57:59.591191+00:00,Q124564699,193.0,,1808.0
Dalibor Cerny,2,uefa.europa.conf,3.0,0.0,3.0,1.5,17.5,10.0,2025-12-11T17:45Z,2026-07-20T00:57:59.591191+00:00,Q59055605,,,
Christos Vergetis,1,uefa.europa.conf,5.0,0.0,5.0,4.0,22.0,6.0,2025-11-06T17:45Z,2026-07-20T00:57:59.591191+00:00,,,,
Lawrence Visser,2,uefa.europa.conf,8.0,0.0,8.0,3.0,30.5,10.0,2025-11-27T17:45Z,2026-07-20T00:57:59.591191+00:00,Q22002058,198.0,Q31,1803.0
Bulat Sariyev,2,uefa.europa.conf,1.5,0.0,1.5,3.0,28.0,8.0,2025-12-11T17:45Z,2026-07-20T00:57:59.591191+00:00,Q123514167,199.0,Q232,1802.0
Andrei Chivulete,2,uefa.europa.conf,3.5,0.5,3.5,2.0,20.5,8.5,2025-12-11T20:00Z,2026-07-20T00:57:59.591191+00:00,Q18538972,198.0,Q218,1803.0
Joonas Jaanovits,1,uefa.europa.conf,1.0,0.0,1.0,0.0,21.0,9.0,2025-11-06T17:45Z,2026-07-20T00:57:59.591191+00:00,Q136842470,199.0,Q191,1802.0
Marc Nagtegaal,1,uefa.europa.conf,1.0,0.0,1.0,6.0,19.0,10.0,2025-11-06T20:00Z,2026-07-20T00:57:59.591191+00:00,Q87110359,199.0,Q29999,1802.0
Mihály Káprály,1,uefa.europa.conf,5.0,1.0,5.0,2.0,39.0,6.0,2025-11-06T20:00Z,2026-07-20T00:57:59.591191+00:00,Q102126447,199.0,Q212,1802.0
Edgar Malcevs,2,uefa.europa.conf,6.5,0.0,6.5,2.5,31.0,10.0,2025-12-11T17:45Z,2026-07-20T00:57:59.591191+00:00,,,,
Philip Farrugia,1,uefa.europa.conf,6.0,0.0,6.0,2.0,27.0,6.0,2025-11-06T20:00Z,2026-07-20T00:57:59.591191+00:00,Q112570507,198.0,Q233,1803.0
Martin Matosa,2,uefa.europa.conf,5.5,0.5,5.5,2.0,27.5,8.5,2025-12-11T20:00Z,2026-07-20T00:57:59.591191+00:00,Q140471887,199.0,Q215,1802.0
Viktor Kopievskiy,1,uefa.europa.conf,6.0,0.0,6.0,5.0,9.0,13.0,2025-11-06T20:00Z,2026-07-20T00:57:59.591191+00:00,,,,
Oliver Reitala,1,uefa.europa.conf,1.0,1.0,1.0,1.0,19.0,9.0,2025-11-06T20:00Z,2026-07-20T00:57:59.591191+00:00,Q124985723,199.0,Q33,1802.0
Jovan Kachevski,1,uefa.europa.conf,8.0,2.0,8.0,4.0,35.0,9.0,2025-11-27T17:45Z,2026-07-20T00:57:59.591191+00:00,,,,
Christian-Petru Ciochirca,1,uefa.europa.conf,5.0,0.0,5.0,3.0,18.0,10.0,2025-11-27T17:45Z,2026-07-20T00:57:59.591191+00:00,Q123126727,198.0,Q40,1803.0
Denys Shurman,1,uefa.europa.conf,1.0,0.0,1.0,4.0,19.0,12.0,2025-11-27T20:00Z,2026-07-20T00:57:59.591191+00:00,Q60825394,198.0,Q212,1803.0
Mikkel Redder,1,uefa.europa.conf,6.0,0.0,6.0,1.0,31.0,12.0,2025-11-27T20:00Z,2026-07-20T00:57:59.591191+00:00,Q65230319,199.0,Q756617,1802.0
Bence Csonka,1,uefa.europa.conf,5.0,0.0,5.0,3.0,39.0,4.0,2025-12-11T20:00Z,2026-07-20T00:57:59.591191+00:00,Q97940534,199.0,Q28,1802.0
Joey Kooij,1,uefa.europa.conf,4.0,0.0,4.0,1.0,38.0,4.0,2025-12-11T20:00Z,2026-07-20T00:57:59.591191+00:00,Q29595926,199.0,Q29999,1802.0
Danilo Nikolic,1,uefa.europa.conf,2.0,0.0,2.0,5.0,21.0,11.0,2025-12-18T20:00Z,2026-07-20T00:57:59.591191+00:00,Q10992291,192.0,Q36704,1809.0
Marek Radina,1,uefa.europa.conf,5.0,1.0,5.0,4.0,25.0,11.0,2025-12-18T20:00Z,2026-07-20T00:57:59.591191+00:00,,,,
Patrik Kolaric,1,uefa.europa.conf,3.0,0.0,3.0,3.0,20.0,4.0,2025-12-18T20:00Z,2026-07-20T00:57:59.591191+00:00,Q139671654,199.0,,1802.0
Florjan Lata,1,uefa.europa.conf,4.0,0.0,4.0,1.0,21.0,15.0,2025-12-18T20:00Z,2026-07-20T00:57:59.591191+00:00,Q134839386,,,
David Smajc,1,uefa.europa.conf,2.0,0.0,2.0,3.0,21.0,7.0,2025-12-18T20:00Z,2026-07-20T00:57:59.591191+00:00,Q111609891,198.0,Q215,1803.0
