fixture_id,actual,pred,p_home,p_draw,p_away,brier,hit
7,home,home,0.6364,0.2461,0.1176,0.20659993000000004,1
9,home,home,0.4862,0.277,0.2368,0.3967936800000001,1
11,draw,home,0.5474,0.2458,0.2068,0.91123064,0
13,home,home,0.5734,0.242,0.1846,0.27462872,1
15,draw,away,0.2163,0.2207,0.563,0.9710631799999999,0
17,draw,home,0.5826,0.2485,0.1689,0.9327022200000001,0
19,away,home,0.4045,0.2703,0.3252,0.6920373800000001,0
21,home,home,0.4156,0.2878,0.2966,0.51232376,1
23,home,home,0.7573,0.1883,0.0544,0.09731954000000001,1
25,draw,home,0.5829,0.2406,0.1765,0.9476130199999998,0
27,home,home,0.4443,0.2943,0.2615,0.46379723000000006,1
29,home,home,0.5701,0.2349,0.195,0.27801701999999995,1
31,draw,home,0.6655,0.2596,0.0749,0.99669242,0
33,draw,home,0.559,0.2468,0.1942,0.9175048800000001,0
35,draw,away,0.2681,0.2691,0.4628,0.8202762600000001,0
37,draw,home,0.6101,0.2364,0.1535,0.9788692200000001,0
39,home,home,0.5742,0.2393,0.1865,0.27335237999999995,1
41,away,away,0.2729,0.2208,0.5063,0.36696674,1
43,home,home,0.6988,0.2179,0.0833,0.14514074000000002,1
45,home,home,0.5906,0.2409,0.1685,0.25403342,1
47,draw,home,0.6389,0.2431,0.118,0.9950148200000002,0
49,home,home,0.5604,0.2466,0.1929,0.29127012999999996,1
52,home,home,0.5051,0.3113,0.1836,0.37554266000000003,1
54,away,away,0.1995,0.2208,0.5797,0.26520498000000003,1
56,draw,home,0.4331,0.2765,0.2905,0.7954181100000001,0
59,home,home,0.6434,0.2389,0.1177,0.19809005999999998,1
61,home,home,0.615,0.2238,0.1612,0.22429688,1
63,home,home,0.5988,0.2531,0.1481,0.24695466,1
65,home,home,0.5301,0.2537,0.2163,0.33195538999999996,1
68,away,away,0.2925,0.2679,0.4396,0.47137482,1
71,home,home,0.7247,0.2075,0.0677,0.12342963,1
73,away,home,0.4934,0.2768,0.2298,0.9132698400000001,0
75,home,home,0.6525,0.222,0.1255,0.18579050000000003,1
77,home,home,0.6463,0.2355,0.1182,0.19453518,1
81,draw,home,0.6109,0.2499,0.1392,0.95522546,0
87,away,away,0.2884,0.2257,0.4859,0.39841386,1
89,home,home,0.7278,0.2242,0.048,0.12666248,1
93,draw,home,0.5604,0.2568,0.1827,0.8997736900000001,0
96,draw,home,0.5238,0.2747,0.2016,0.8410690900000002,0
98,away,away,0.3015,0.2396,0.459,0.4409914099999999,1
102,home,home,0.6772,0.2252,0.0976,0.16444063999999997,1
106,home,home,0.7932,0.1669,0.0399,0.07221385999999999,1
110,home,home,0.3831,0.247,0.3699,0.57840062,1
112,away,away,0.3367,0.2592,0.4041,0.53564834,1
114,home,home,0.7469,0.1981,0.055,0.10632821999999999,1
116,draw,home,0.6109,0.2577,0.1314,0.94147406,0
120,away,away,0.2961,0.2704,0.4335,0.48171362,1
122,home,home,0.6126,0.2636,0.1238,0.23489015999999996,1
125,home,home,0.5275,0.2489,0.2237,0.33524915000000005,1
127,home,home,0.5505,0.2526,0.1969,0.30462662,1
130,home,home,0.632,0.235,0.133,0.208338,1
133,away,away,0.1756,0.2412,0.5832,0.2627350399999999,1
135,away,away,0.2754,0.2479,0.4767,0.41114246,1
138,home,home,0.3835,0.3079,0.3086,0.5701086200000001,1
143,away,away,0.2929,0.248,0.4591,0.4398672199999999,1
147,home,away,0.2657,0.2435,0.4909,0.83947155,0
152,draw,home,0.5326,0.2441,0.2233,0.90491046,0
156,away,away,0.2025,0.2025,0.595,0.24603750000000005,1
158,draw,home,0.3699,0.3057,0.3244,0.7241138599999999,0
160,home,home,0.3863,0.2616,0.3521,0.56903666,1
162,away,away,0.2589,0.2362,0.5049,0.36794366,1
164,home,home,0.7054,0.2043,0.0903,0.13668174,1
166,draw,home,0.4975,0.2913,0.2112,0.7943673800000001,0
168,away,away,0.2927,0.2689,0.4384,0.47337505999999996,1
170,draw,home,0.4447,0.2726,0.2827,0.80678814,0
172,away,away,0.2134,0.2184,0.5682,0.27968936,1
174,home,home,0.4964,0.2724,0.2312,0.3812681600000001,1
176,away,away,0.1994,0.2457,0.5549,0.29824286,1
178,draw,home,0.3827,0.2951,0.3222,0.7471561400000001,0
180,home,home,0.5337,0.2376,0.2287,0.32619314000000005,1
182,draw,home,0.4151,0.2588,0.3261,0.82802666,0
184,away,away,0.1223,0.2133,0.6644,0.17308154,1
186,away,away,0.3266,0.2785,0.3948,0.5504968499999999,1
188,home,home,0.5543,0.2511,0.1947,0.29960779,1
190,away,home,0.4005,0.26,0.3395,0.6642604999999999,0
192,home,home,0.6362,0.228,0.1358,0.20277608000000003,1
194,home,home,0.5484,0.2602,0.1915,0.30831885,1
196,home,home,0.6202,0.2458,0.134,0.22262168000000002,1
198,home,home,0.567,0.2333,0.1997,0.28179798000000006,1
200,home,home,0.6123,0.2395,0.1482,0.22963478000000004,1
202,home,home,0.5115,0.2604,0.2281,0.35847002000000006,1
204,home,home,0.5663,0.2434,0.1902,0.28351529,1
206,home,home,0.5259,0.3013,0.1729,0.34544690999999994,1
208,away,away,0.3491,0.2564,0.3945,0.55424202,1
210,away,away,0.154,0.2369,0.6091,0.23264042000000001,1
212,away,home,0.5812,0.2307,0.1881,1.05019754,0
214,away,away,0.3698,0.2533,0.3769,0.58916654,1
216,away,away,0.3397,0.2843,0.3761,0.58547379,1
218,away,away,0.3347,0.2491,0.4162,0.51489734,1
220,home,home,0.6051,0.239,0.1559,0.23737182000000004,1
222,home,home,0.5517,0.2522,0.1961,0.30303294000000003,1
224,home,home,0.4496,0.2712,0.2792,0.45444224,1
226,away,home,0.4051,0.2777,0.3173,0.7073025900000001,0
228,away,away,0.3257,0.2588,0.4155,0.51469818,1
