city_country,city,country,lat,lon,elevation_m,fetched_at
England|Falmer,Falmer,England,50.86529,-0.07733,97.0,2026-07-20T01:03:06.704370+00:00
Spain|Elche,Elche,Spain,38.26218,-0.70107,96.0,2026-07-20T01:03:06.704370+00:00
France|Paris,Paris,France,48.85341,2.3488,42.0,2026-07-20T01:03:06.704370+00:00
Germany|Stuttgart,Stuttgart,Germany,48.78232,9.17702,252.0,2026-07-20T01:03:06.704370+00:00
Italy|Cremona,Cremona,Italy,45.13325,10.02129,45.0,2026-07-20T01:03:06.704370+00:00
England|Liverpool,Liverpool,England,53.41058,-2.97794,30.0,2026-07-20T01:03:06.704370+00:00
England|Birmingham,Birmingham,England,52.48142,-1.89983,149.0,2026-07-20T01:03:06.704370+00:00
England|Sunderland,Sunderland,England,54.90465,-1.38222,36.0,2026-07-20T01:03:06.704370+00:00
England|London,London,England,51.50853,-0.12574,25.0,2026-07-20T01:03:06.704370+00:00
England|Wolverhampton,Wolverhampton,England,52.58547,-2.12296,160.0,2026-07-20T01:03:06.704370+00:00
England|Nottingham,Nottingham,England,52.9536,-1.15047,46.0,2026-07-20T01:03:06.704370+00:00
England|Manchester,Manchester,England,53.48095,-2.23743,51.0,2026-07-20T01:03:06.704370+00:00
England|Leeds,Leeds,England,53.79648,-1.54785,50.0,2026-07-20T01:03:06.704370+00:00
England|Bournemouth,Bournemouth,England,50.72048,-1.8795,19.0,2026-07-20T01:03:06.704370+00:00
England|Burnley,Burnley,England,53.8,-2.23333,140.0,2026-07-20T01:03:06.704370+00:00
England|Newcastle-upon-Tyne,Newcastle-upon-Tyne,England,,,,2026-07-20T01:03:06.704370+00:00
England|Brentford,Brentford,England,45.16025,-98.32287,396.0,2026-07-20T01:03:06.704370+00:00
Spain|Girona,Girona,Spain,41.98311,2.82493,81.0,2026-07-20T01:03:06.704370+00:00
Spain|Villarreal,Villarreal,Spain,38.72572,-7.21533,42.0,2026-07-20T01:03:06.704370+00:00
Spain|Palma de Mallorca,Palma de Mallorca,Spain,18.72917,-91.65694,1.0,2026-07-20T01:03:06.704370+00:00
Spain|Vitoria-Gasteiz,Vitoria-Gasteiz,Spain,42.84998,-2.67268,547.0,2026-07-20T01:03:06.704370+00:00
Spain|Manises,Manises,Spain,39.49139,-0.46349,55.0,2026-07-20T01:03:06.704370+00:00
Spain|Vigo,Vigo,Spain,42.23282,-8.72264,86.0,2026-07-20T01:03:06.704370+00:00
Spain|Bilbao,Bilbao,Spain,43.26271,-2.92528,20.0,2026-07-20T01:03:06.704370+00:00
Spain|Barcelona,Barcelona,Spain,41.38879,2.15899,15.0,2026-07-20T01:03:06.704370+00:00
Spain|Madrid,Madrid,Spain,40.4165,-3.70256,665.0,2026-07-20T01:03:06.704370+00:00
Spain|Sevilla,Sevilla,Spain,37.38283,-5.97317,16.0,2026-07-20T01:03:06.704370+00:00
Spain|Pamplona,Pamplona,Spain,42.81687,-1.64323,460.0,2026-07-20T01:03:06.704370+00:00
Spain|San Sebastian,San Sebastian,Spain,18.33662,-66.99018,77.0,2026-07-20T01:03:06.704370+00:00
Spain|Oviedo,Oviedo,Spain,43.36029,-5.84476,237.0,2026-07-20T01:03:06.704370+00:00
Spain|Getafe,Getafe,Spain,40.30571,-3.73295,623.0,2026-07-20T01:03:06.704370+00:00
"Spain|Leganés, Madrid","Leganés, Madrid",Spain,,,,2026-07-20T01:03:06.704370+00:00
France|Rennes,Rennes,France,48.11109,-1.67431,39.0,2026-07-20T01:03:06.704370+00:00
France|Lens,Lens,France,50.43302,2.82791,37.0,2026-07-20T01:03:06.704370+00:00
France|Monaco,Monaco,France,43.73718,7.42145,9999.0,2026-07-20T01:03:06.704370+00:00
France|Nice,Nice,France,43.70313,7.26608,25.0,2026-07-20T01:03:06.704370+00:00
France|Brest,Brest,France,52.10894,23.71749,144.0,2026-07-20T01:03:06.704370+00:00
France|Auxerre,Auxerre,France,47.7996,3.57033,120.0,2026-07-20T01:03:06.704370+00:00
France|Angers,Angers,France,47.47156,-0.55202,42.0,2026-07-20T01:03:06.704370+00:00
France|Metz,Metz,France,49.11911,6.17269,182.0,2026-07-20T01:03:06.704370+00:00
France|Nantes,Nantes,France,47.21725,-1.55336,19.0,2026-07-20T01:03:06.704370+00:00
France|Marseille,Marseille,France,43.29695,5.38107,28.0,2026-07-20T01:03:06.704370+00:00
France|Lyon,Lyon,France,45.74906,4.84789,173.0,2026-07-20T01:03:06.704370+00:00
France|Lorient,Lorient,France,47.74817,-3.37177,10.0,2026-07-20T01:03:06.704370+00:00
France|Le Havre,Le Havre,France,49.49346,0.10785,5.0,2026-07-20T01:03:06.704370+00:00
France|Strasbourg,Strasbourg,France,48.58392,7.74553,147.0,2026-07-20T01:03:06.704370+00:00
France|Toulouse,Toulouse,France,43.60426,1.44367,150.0,2026-07-20T01:03:06.704370+00:00
France|Lille,Lille,France,50.63391,3.05512,20.0,2026-07-20T01:03:06.704370+00:00
Germany|München,München,Germany,48.13743,11.57549,524.0,2026-07-20T01:03:06.704370+00:00
Germany|Heidenheim,Heidenheim,Germany,48.67798,10.15162,494.0,2026-07-20T01:03:06.704370+00:00
Germany|Berlin,Berlin,Germany,52.52437,13.41053,74.0,2026-07-20T01:03:06.704370+00:00
Germany|Leverkusen,Leverkusen,Germany,51.0303,6.98432,52.0,2026-07-20T01:03:06.704370+00:00
Germany|Frankfurt,Frankfurt,Germany,50.11552,8.68417,113.0,2026-07-20T01:03:06.704370+00:00
Germany|Freiburg im Breisgau,Freiburg im Breisgau,Germany,47.9959,7.85222,278.0,2026-07-20T01:03:06.704370+00:00
Germany|Hamburg Norderstedt,Hamburg Norderstedt,Germany,,,,2026-07-20T01:03:06.704370+00:00
Germany|Mainz,Mainz,Germany,49.98185,8.28008,125.0,2026-07-20T01:03:06.704370+00:00
Germany|Mönchengladbach,Mönchengladbach,Germany,51.18539,6.44172,57.0,2026-07-20T01:03:06.704370+00:00
Germany|Leipzig,Leipzig,Germany,51.33962,12.37129,116.0,2026-07-20T01:03:06.704370+00:00
Germany|Sinsheim,Sinsheim,Germany,49.2529,8.87867,162.0,2026-07-20T01:03:06.704370+00:00
Germany|Bremen,Bremen,Germany,53.07582,8.80717,17.0,2026-07-20T01:03:06.704370+00:00
Germany|Augsburg,Augsburg,Germany,48.37154,10.89851,489.0,2026-07-20T01:03:06.704370+00:00
Germany|Wolfsburg,Wolfsburg,Germany,52.42452,10.7815,62.0,2026-07-20T01:03:06.704370+00:00
Germany|Aue,Aue,Germany,50.59034,12.70657,399.0,2026-07-20T01:03:06.704370+00:00
Germany|Cologne,Cologne,Germany,50.93333,6.95,58.0,2026-07-20T01:03:06.704370+00:00
Italy|Genova,Genova,Italy,14.62216,-91.8358,362.0,2026-07-20T01:03:06.704370+00:00
Italy|Reggio Emilia,Reggio Emilia,Italy,44.69825,10.63125,58.0,2026-07-20T01:03:06.704370+00:00
Italy|Milano,Milano,Italy,30.71047,-96.86331,159.0,2026-07-20T01:03:06.704370+00:00
Italy|Roma,Roma,Italy,47.83333,26.6,128.0,2026-07-20T01:03:06.704370+00:00
Italy|Cagliari,Cagliari,Italy,39.23054,9.11917,6.0,2026-07-20T01:03:06.704370+00:00
Italy|Como,Como,Italy,45.80819,9.0832,201.0,2026-07-20T01:03:06.704370+00:00
Italy|Bergamo,Bergamo,Italy,45.69601,9.66721,249.0,2026-07-20T01:03:06.704370+00:00
Italy|Torino,Torino,Italy,45.07049,7.68682,239.0,2026-07-20T01:03:06.704370+00:00
Italy|Udine,Udine,Italy,46.0693,13.23715,113.0,2026-07-20T01:03:06.704370+00:00
Italy|Lecce,Lecce,Italy,40.35481,18.17244,49.0,2026-07-20T01:03:06.704370+00:00
Italy|Bologna,Bologna,Italy,44.49381,11.33875,54.0,2026-07-20T01:03:06.704370+00:00
Italy|Parma,Parma,Italy,44.79935,10.32618,57.0,2026-07-20T01:03:06.704370+00:00
Italy|Napoli,Napoli,Italy,13.18333,-16.18333,27.0,2026-07-20T01:03:06.704370+00:00
Italy|Pisa,Pisa,Italy,43.70853,10.4036,4.0,2026-07-20T01:03:06.704370+00:00
Italy|Firenze,Firenze,Italy,43.80077,11.23441,58.0,2026-07-20T01:03:06.704370+00:00
Italy|Verona,Verona,Italy,45.43854,10.9938,59.0,2026-07-20T01:03:06.704370+00:00
Norway|Tromsø,Tromsø,Norway,69.6489,18.95508,9999.0,2026-07-20T01:03:06.704370+00:00
Norway|Sarpsborg,Sarpsborg,Norway,59.28391,11.10962,54.0,2026-07-20T01:03:06.704370+00:00
Norway|Hamar,Hamar,Norway,60.7945,11.06798,137.0,2026-07-20T01:03:06.704370+00:00
Norway|Oslo,Oslo,Norway,59.91273,10.74609,26.0,2026-07-20T01:03:06.704370+00:00
Norway|Molde,Molde,Norway,62.73752,7.15912,3.0,2026-07-20T01:03:06.704370+00:00
Norway|Drammen,Drammen,Norway,59.74389,10.20449,11.0,2026-07-20T01:03:06.704370+00:00
Norway|Bodø/Glimt,Bodø/Glimt,Norway,,,,2026-07-20T01:03:06.704370+00:00
Norway|Bryne,Bryne,Norway,58.73536,5.64766,33.0,2026-07-20T01:03:06.704370+00:00
Norway|Haugesund,Haugesund,Norway,59.41378,5.268,17.0,2026-07-20T01:03:06.704370+00:00
Norway|Sandefjord,Sandefjord,Norway,59.13118,10.21665,11.0,2026-07-20T01:03:06.704370+00:00
Norway|Kristiansund,Kristiansund,Norway,63.11045,7.72795,1.0,2026-07-20T01:03:06.704370+00:00
Norway|Fredrikstad,Fredrikstad,Norway,59.2181,10.9298,6.0,2026-07-20T01:03:06.704370+00:00
Norway|Stavanger,Stavanger,Norway,58.97005,5.73332,15.0,2026-07-20T01:03:06.704370+00:00
Norway|Bergen,Bergen,Norway,60.39299,5.32415,20.0,2026-07-20T01:03:06.704370+00:00
Norway|Trondheim,Trondheim,Norway,63.43049,10.39506,18.0,2026-07-20T01:03:06.704370+00:00
Norway|Aalesunds,Aalesunds,Norway,,,,2026-07-20T01:03:06.704370+00:00
Norway|Lillestrøm,Lillestrøm,Norway,59.95597,11.04918,116.0,2026-07-20T01:03:06.704370+00:00
Netherlands|Eindhoven,Eindhoven,Netherlands,51.44083,5.47778,22.0,2026-07-20T01:03:06.704370+00:00
Portugal|Lisbon,Lisbon,Portugal,38.72509,-9.1498,68.0,2026-07-20T01:03:06.704370+00:00
Greece|Piraeus,Piraeus,Greece,37.94203,23.64619,29.0,2026-07-20T01:03:06.704370+00:00
Czechia|Prague,Prague,Czechia,50.08804,14.42076,202.0,2026-07-20T01:03:06.704370+00:00
Netherlands|Amsterdam,Amsterdam,Netherlands,52.37403,4.88969,13.0,2026-07-20T01:03:06.704370+00:00
Belgium|Brugge,Brugge,Belgium,51.20892,3.22424,13.0,2026-07-20T01:03:06.704370+00:00
Denmark|Copenhagen,Copenhagen,Denmark,55.67594,12.56553,14.0,2026-07-20T01:03:06.704370+00:00
Kazakhstan|Almaty,Almaty,Kazakhstan,43.25249,76.9115,783.0,2026-07-20T01:03:06.704370+00:00
Türkiye|Istanbul,Istanbul,Türkiye,41.01384,28.94966,39.0,2026-07-20T01:03:06.704370+00:00
Cyprus|Kolossi,Kolossi,Cyprus,34.66865,32.93375,54.0,2026-07-20T01:03:06.704370+00:00
Azerbaijan|Baku,Baku,Azerbaijan,40.37767,49.89201,23.0,2026-07-20T01:03:06.704370+00:00
Belgium|Brussels,Brussels,Belgium,50.85045,4.34878,28.0,2026-07-20T01:03:06.704370+00:00
Kazakhstan|Astana,Astana,Kazakhstan,51.1801,71.44598,358.0,2026-07-20T01:03:06.704370+00:00
Hungary|Budapest,Budapest,Hungary,47.49835,19.04045,104.0,2026-07-20T01:03:06.704370+00:00
Denmark|Herning,Herning,Denmark,56.13615,8.97662,60.0,2026-07-20T01:03:06.704370+00:00
Greece|Thessaloniki,Thessaloniki,Greece,40.64072,22.93493,9999.0,2026-07-20T01:03:06.704370+00:00
Portugal|Braga,Braga,Portugal,41.5514,-8.42311,190.0,2026-07-20T01:03:06.704370+00:00
Croatia|Zagreb,Zagreb,Croatia,45.81444,15.97798,135.0,2026-07-20T01:03:06.704370+00:00
Sweden|Malmo,Malmo,Sweden,55.60587,13.00073,10.0,2026-07-20T01:03:06.704370+00:00
Serbia|Belgrade,Belgrade,Serbia,44.80401,20.46513,120.0,2026-07-20T01:03:06.704370+00:00
Netherlands|Deventer,Deventer,Netherlands,52.255,6.16389,12.0,2026-07-20T01:03:06.704370+00:00
Netherlands|Utrecht,Utrecht,Netherlands,52.09083,5.12222,13.0,2026-07-20T01:03:06.704370+00:00
Scotland|Glasgow,Glasgow,Scotland,55.86515,-4.25763,40.0,2026-07-20T01:03:06.704370+00:00
Austria|Salzburg,Salzburg,Austria,47.79941,13.04399,424.0,2026-07-20T01:03:06.704370+00:00
Switzerland|Bern,Bern,Switzerland,46.94809,7.44744,549.0,2026-07-20T01:03:06.704370+00:00
Romania|Bucuresti,Bucuresti,Romania,44.4913,26.03459,92.0,2026-07-20T01:03:06.704370+00:00
Bulgaria|Razgrad,Razgrad,Bulgaria,43.53331,26.51849,190.0,2026-07-20T01:03:06.704370+00:00
Greece|Athens,Athens,Greece,37.98376,23.72784,70.0,2026-07-20T01:03:06.704370+00:00
Czechia|Plzen,Plzen,Czechia,49.67517,13.27462,354.0,2026-07-20T01:03:06.704370+00:00
Switzerland|Basel,Basel,Switzerland,47.55839,7.57327,279.0,2026-07-20T01:03:06.704370+00:00
Portugal|Porto,Porto,Portugal,41.1485,-8.61097,91.0,2026-07-20T01:03:06.704370+00:00
Netherlands|Rotterdam,Rotterdam,Netherlands,51.9225,4.47917,9.0,2026-07-20T01:03:06.704370+00:00
Serbia|Backa Topola,Backa Topola,Serbia,45.81516,19.6318,94.0,2026-07-20T01:03:06.704370+00:00
Belgium|Genk,Genk,Belgium,50.965,5.50082,66.0,2026-07-20T01:03:06.704370+00:00
Austria|Graz,Graz,Austria,47.06733,15.44197,362.0,2026-07-20T01:03:06.704370+00:00
Poland|Lublin,Lublin,Poland,51.25058,22.57009,184.0,2026-07-20T01:03:06.704370+00:00
Armenia|Yerevan,Yerevan,Armenia,40.17765,44.5126,1002.0,2026-07-20T01:03:06.704370+00:00
Poland|Bialystok,Bialystok,Poland,53.13333,23.16433,135.0,2026-07-20T01:03:06.704370+00:00
Finland|Tampere,Tampere,Finland,61.49911,23.78712,114.0,2026-07-20T01:03:06.704370+00:00
Switzerland|Lausanne,Lausanne,Switzerland,46.516,6.63282,453.0,2026-07-20T01:03:06.704370+00:00
Poland|Poznan,Poznan,Poland,52.40692,16.92993,69.0,2026-07-20T01:03:06.704370+00:00
Cyprus|Nicosia,Nicosia,Cyprus,35.17284,33.35397,155.0,2026-07-20T01:03:06.704370+00:00
Bosnia and Herzegovina|Mostar,Mostar,Bosnia and Herzegovina,43.34333,17.80806,66.0,2026-07-20T01:03:06.704370+00:00
Scotland|Aberdeen,Aberdeen,Scotland,57.14369,-2.09814,13.0,2026-07-20T01:03:06.704370+00:00
Cyprus|Larnaca,Larnaca,Cyprus,34.9221,33.62794,24.0,2026-07-20T01:03:06.704370+00:00
Poland|Warsaw,Warsaw,Poland,52.22977,21.01178,113.0,2026-07-20T01:03:06.704370+00:00
Slovenia|Celje,Celje,Slovenia,46.23092,15.26044,240.0,2026-07-20T01:03:06.704370+00:00
Poland|Sosnowiec,Sosnowiec,Poland,50.28682,19.10385,256.0,2026-07-20T01:03:06.704370+00:00
None|Dublin,Dublin,,53.33306,-6.24889,17.0,2026-07-20T01:03:06.704370+00:00
Slovakia|Bratislava,Bratislava,Slovakia,48.14816,17.10674,157.0,2026-07-20T01:03:06.704370+00:00
Netherlands|Alkmaar,Alkmaar,Netherlands,52.63167,4.74861,5.0,2026-07-20T01:03:06.704370+00:00
Sweden|Göteborg,Göteborg,Sweden,57.70716,11.96679,10.0,2026-07-20T01:03:06.704370+00:00
Iceland|Reykjavik,Reykjavik,Iceland,64.13548,-21.89541,37.0,2026-07-20T01:03:06.704370+00:00
Kosovo|Prishtina,Prishtina,Kosovo,,,,2026-07-20T01:03:06.704370+00:00
North Macedonia|Skopje,Skopje,North Macedonia,41.99646,21.43141,247.0,2026-07-20T01:03:06.704370+00:00
Austria|Wien,Wien,Austria,39.66086,-92.78436,251.0,2026-07-20T01:03:06.704370+00:00
Poland|Krakow,Krakow,Poland,50.06143,19.93658,219.0,2026-07-20T01:03:06.704370+00:00
Romania|Craiova,Craiova,Romania,44.31667,23.8,105.0,2026-07-20T01:03:06.704370+00:00
Malta|Attard,Attard,Malta,35.88967,14.4425,69.0,2026-07-20T01:03:06.704370+00:00
Gibraltar|Gibraltar,Gibraltar,Gibraltar,36.14474,-5.35257,11.0,2026-07-20T01:03:06.704370+00:00
Türkiye|Samsun,Samsun,Türkiye,41.27976,36.3361,64.0,2026-07-20T01:03:06.704370+00:00
Czechia|Olomouc,Olomouc,Czechia,49.59552,17.25175,223.0,2026-07-20T01:03:06.704370+00:00
Croatia|Rijeka,Rijeka,Croatia,45.32673,14.44241,12.0,2026-07-20T01:03:06.704370+00:00
